Feature,Importance
reuters,0.058645554
york time,0.02946552
image via,0.009767118
breitbart,0.009161844
dismantle,0.009123897
via,0.00801673
factbox,0.0071154335
contribute report,0.00710278
jeb,0.007030422
tax reform,0.006766066
sen,0.0066886614
ted cruz,0.0061628204
image,0.005478479
feature image,0.005001506
nomination,0.0048881057
via breitbart,0.0046972474
twitter com,0.0045514703
iowa,0.004449323
news st,0.004220767
propaganda,0.0038902804
reform,0.0038034031
mr,0.0037982962
gop,0.003699836
follow,0.003411747
netanyahu,0.0034051337
primary,0.003401539
getty,0.0033633693
democratic presidential,0.0033521526
say,0.0033239047
republican,0.003137234
percent,0.0031263267
twitter,0.0028917491
islamic,0.0027984343
pic twitter,0.0027822698
hillary,0.0027345489
washington reuters,0.0026705205
donate,0.0026650322
translate,0.0026564272
speaker,0.0026403493
cruz,0.0025527428
getty image,0.002477813
century wire,0.0023474596
please,0.0023057715
mainstream medium,0.0022679693
que,0.0021811947
avoid,0.0021636828
debate,0.0021377278
october,0.0021285792
official say,0.0021078316
twitter email,0.0020686348
two candidate,0.0019857418
fbi,0.0019671095
video,0.0019613968
new york,0.0019491067
cia,0.0019438342
trunews,0.0019332133
clinton foundation,0.0019207431
wire,0.0018849481
anti,0.0018248957
alt,0.0018218083
jerome,0.0018115182
ted,0.0018101203
consequence,0.0017924404
sweep,0.0017750437
whether,0.0017543837
article,0.0017422771
terrorist attack,0.0016806632
sunday,0.0016618513
read,0.0016571688
paris,0.0016553921
entire story,0.0016437258
critic,0.0016333004
weiner,0.001611114
rt,0.0015962338
islamic state,0.0015669018
president donald,0.001564728
soros,0.0015344168
follow twitter,0.0015278695
president elect,0.0015174571
watch,0.0015168083
wikileaks,0.0015087595
polarization,0.001502322
gang,0.0014443861
fly zone,0.0014388842
november,0.0014382829
ap,0.0014251511
among,0.0014034348
source,0.0013880302
leader,0.0013728727
insane,0.0013495301
also,0.0013311506
wow,0.0013231819
rubio,0.0013173851
marco rubio,0.001275872
saturday,0.0012680821
challenge,0.0012572383
mainstream,0.0012500098
broad,0.0012420589
early,0.0012331139
adviser,0.0012237461
minister,0.0012227966
verdict,0.0012142396
world war,0.0011986593
aviv,0.0011815444
accord reuters,0.0011744516
afp,0.0011692605
conservative,0.0011649446
convention,0.0011516406
nyt,0.0011466952
featured,0.0011420219
iran,0.0011395711
thursday,0.0011393053
nuke,0.0011338174
ministry,0.0011229634
year old,0.0011215347
monday,0.0011170441
en,0.0011136702
last,0.0011128574
un,0.001106277
tuesday,0.0011009958
electorate,0.0010962565
oct,0.0010932682
photo,0.0010931969
shutdown,0.0010923519
con,0.0010922169
non,0.0010663013
reuters report,0.0010555125
friday,0.0010515319
aleppo,0.0010473728
bernie sander,0.0010462285
reflect,0.0010452572
tough,0.0010437258
civilian,0.0010431644
growth,0.0010394251
administration,0.0010333612
mrs,0.00103088
toward,0.0010291919
particularly,0.0010195306
airstrikes,0.0010171363
la,0.0010140832
via twitter,0.0010054648
sputnik,0.0010022018
caucus,0.0010020005
israel,0.0009981453
win nomination,0.0009969366
unemployment,0.0009904774
measure,0.000989307
daily caller,0.0009842829
welcome,0.0009797128
corrupt,0.0009774091
still,0.0009746264
clinton,0.0009743242
migrant,0.00097023783
race,0.00096805935
obvious,0.00096416567
entire,0.00096091104
issue,0.00095945434
white house,0.0009570638
simply,0.0009539082
bernie,0.00095317716
ronald,0.0009513662
ronald reagan,0.00094851444
reveals,0.00094751985
leaker,0.00094732066
scientist,0.00094420643
prime,0.0009432778
share,0.0009372575
say would,0.0009368189
ny,0.0009327899
president trump,0.0009288631
six,0.0009273
leftist,0.00092345
allege,0.00092183304
islamist,0.0009202334
california,0.0009200084
ms,0.0009169514
mi,0.0009133538
claim responsibility,0.00091034564
le pen,0.0009065551
nearly,0.0009022933
jungle,0.00089203013
marriage,0.00089066173
mitt romney,0.0008761307
plan parenthood,0.0008732533
assistance,0.0008724703
russia,0.00087227556
center,0.00086477556
deportation,0.00086263684
dakota,0.000862031
lie,0.00085653184
say russia,0.00085598824
definition,0.0008557138
boehner,0.0008529365
com,0.00085058337
gop presidential,0.0008495839
shadow,0.00084921595
prime minister,0.00084841304
moderate,0.0008477955
co,0.0008459784
tag,0.00084455754
one point,0.00084366964
etc,0.00084336335
tell cnn,0.00083927356
per cent,0.0008388032
defend,0.0008369418
cop,0.00083556125
chuck,0.00083449075
caller,0.0008335485
deeply,0.00083158986
new,0.0008285546
profit,0.00082810706
generally,0.000822047
marco,0.00081708457
coverage,0.0008122899
pm,0.0008058835
sander,0.00080580916
apparently,0.0008005831
york reuters,0.00079993415
include,0.0007953836
advisor,0.0007942139
native,0.0007939519
february,0.000791118
feature,0.00079086085
labor,0.0007906264
room,0.0007901806
wing,0.00078631466
warhead,0.00078335544
bashar al,0.00078328286
appeal,0.0007803445
featured image,0.00077843445
stoltenberg,0.0007768842
book,0.00077506655
related,0.00077326153
fed,0.00077163597
runner,0.0007707406
dakota access,0.00076780416
candidacy,0.000765502
medium,0.0007651854
democracy,0.00076465495
al,0.00076334766
illegal alien,0.0007615898
fraud,0.0007615067
american politics,0.00075998466
tel aviv,0.0007588761
steve bannon,0.0007575782
rest,0.0007573974
least people,0.0007561871
trump,0.0007558305
eligible,0.00075225154
occasionally,0.00074728293
steve,0.0007464122
senator,0.0007460252
union,0.000743818
surprising,0.0007434588
boston,0.00074265694
vladimir,0.0007413097
fact,0.00074117124
performance,0.000740669
house,0.00073976547
trend,0.0007395695
letter,0.0007394691
march,0.0007393817
key,0.0007369008
yesterday,0.00073672435
isi,0.0007351224
brain,0.0007325402
focus,0.00073251774
lol,0.0007297199
secretary state,0.0007295886
presumptive,0.00072820054
mind,0.0007258029
break,0.0007239767
ice,0.00072288065
dress,0.00072011194
permission,0.0007197399
sever,0.00071540754
motivation,0.00071422756
hudson,0.00071266264
rain,0.00071223435
donald trump,0.0007109623
seem,0.00071022724
russian,0.00070722494
right wing,0.0007064774
within,0.0007034565
richard nixon,0.0007022161
advertisement,0.00070197444
increasingly,0.0007014543
wonder,0.0007004271
lead,0.00069964497
load,0.0006995236
app,0.00069904566
pravda,0.00069864246
mourn,0.00069586164
reelection,0.0006941445
strategy,0.0006907485
cook,0.0006902172
huge,0.000689874
daily mail,0.00068877294
ferguson,0.00068636966
story,0.00068580307
ru,0.00068442954
print,0.00068412465
night,0.0006834607
spokesman,0.0006823873
last month,0.0006813752
central,0.0006803163
yr,0.0006794991
make sure,0.000676572
trump also,0.0006759698
president barack,0.0006716873
later,0.00067079527
taxpayer,0.0006699599
rule,0.0006692113
drag,0.0006677809
senior,0.00066749513
retake,0.0006667944
raqqa,0.00066668453
scandal,0.000665784
chance,0.0006654868
willingness,0.0006647895
black,0.0006622133
police officer,0.00066217786
personal,0.00066196435
slogan,0.0006615211
inappropriate,0.00065999915
spend,0.0006596281
michigan,0.00065653486
news network,0.0006564457
december,0.0006561996
budget,0.0006545445
say think,0.00065272907
campaign,0.0006475072
roughly,0.0006470103
wildlife refuge,0.00064622244
internet,0.0006458844
campus,0.00064581505
strength,0.0006453788
relative,0.00064474076
favorite,0.0006411643
report,0.00064066617
failure,0.0006401316
daniel,0.00063872547
denial,0.0006380863
contrast,0.00063582545
lethal,0.00063560775
america,0.00063479214
virginia,0.0006347246
topic,0.000632062
opinion,0.0006311085
contain,0.0006299621
sheriff,0.00062953896
internal,0.0006287892
partisan,0.0006286739
struggle,0.0006279682
jerusalem,0.00062769727
rock,0.0006274336
corruption,0.0006268949
intelligence,0.0006267855
voting,0.0006266564
contrary,0.00062634924
vision,0.0006251726
usa,0.00062486465
destroy,0.0006239277
building,0.00062157126
last year,0.00062064984
bashar,0.00061995175
editorial,0.0006186591
annual,0.00061805313
american people,0.00061800587
active,0.000617585
tour,0.00061721506
weekday,0.0006171289
say statement,0.0006170525
ten,0.00061699876
south carolina,0.0006166242
rival,0.0006149833
sen john,0.0006147582
assertion,0.0006145055
anonymity,0.0006138893
past year,0.00061311695
acknowledge,0.00061209017
strong,0.0006114964
amid,0.00061100116
guy,0.0006101641
something,0.00060936634
candidate,0.0006079661
exchange,0.00060715136
tenure,0.0006040302
two decade,0.00060375297
ca,0.000603427
presidency,0.0006028767
time report,0.00060272194
capital,0.00060261146
ideology,0.00060204015
deadline,0.0006019163
bear,0.0006005438
griffin,0.00059948163
employer,0.00059934397
tech,0.0005977955
european,0.0005975161
role,0.0005974761
platform,0.0005960951
cancer,0.0005953277
estimate,0.0005949729
parenthood,0.0005948269
often,0.0005945486
maryland,0.0005912527
two,0.0005911173
travel,0.00058937096
make clear,0.0005893189
contest,0.0005890189
numerous,0.0005889622
ticket,0.00058875437
asylum,0.0005886224
siriusxm,0.00058775814
step toward,0.000587017
controversial,0.00058635557
secret,0.0005858927
daily,0.000585557
poll,0.00058518513
society,0.0005844677
impose,0.0005839716
deliver,0.00058163784
illegals,0.00057907816
mr trump,0.0005780708
set,0.00057532237
equivalent,0.0005737161
november th,0.0005722717
april,0.0005718981
insurance,0.00057124486
matter,0.0005707718
reporter,0.0005687744
committee,0.0005686985
news channel,0.00056866306
adjust,0.00056857866
certain,0.00056759536
vary,0.0005668655
trust,0.0005658603
image credit,0.00056383264
young,0.00056188495
complicate,0.00056146365
french,0.0005609684
oh,0.00056032883
hat,0.0005592008
six year,0.00055542396
column,0.00055381603
mock,0.00055372703
five,0.0005532271
ignore,0.00055301597
team,0.00055283593
parent,0.0005525628
probe,0.000552453
navigation,0.00055196765
rex,0.0005511121
jeb bush,0.00055038725
planet,0.00054989615
operate,0.0005492175
president,0.0005490025
cancel,0.0005480558
elite,0.0005473185
politics,0.000546887
drive,0.0005464286
decline comment,0.0005460128
subscribe,0.00054579426
overthrow,0.0005450727
week,0.00054450985
rant,0.00054447626
land,0.0005435617
occupation,0.000543258
host,0.0005422191
soon,0.00054212083
vow,0.00054184604
stop,0.00054152904
brother,0.0005413275
totally,0.00054081285
iranian,0.00054078246
three year,0.00054039224
aircraft,0.0005401218
rich,0.00054007984
abortion,0.0005400333
four,0.00053989346
london,0.0005396962
list,0.00053967146
perform,0.0005391261
scott,0.00053590443
mail,0.0005356266
amnesty,0.0005354029
ohio,0.0005351675
fellow,0.00053503894
france,0.0005347748
remain,0.0005334479
pool,0.00053206657
wisconsin,0.00053107773
supreme court,0.0005296133
couple,0.0005276556
echo,0.000526913
criticism,0.00052624603
facebook,0.00052525586
honor,0.000524803
immigration,0.000523063
western,0.0005224576
defense department,0.00052194955
news agency,0.0005201401
surprise,0.0005190337
expose,0.0005184491
decline,0.000518393
egyptian,0.00051830075
argue,0.00051821524
push,0.00051721995
doj,0.0005169847
governor,0.0005156881
liberal,0.00051511975
macron,0.0005146892
democrat party,0.0005146617
urge,0.0005145172
vast,0.0005141974
plant,0.0005135228
pitch,0.0005131346
steal,0.0005124665
conflict,0.00051228877
feed,0.0005118027
flynn,0.00051069004
flickr,0.00051005004
reportedly,0.0005093533
refugee,0.0005082357
attack,0.0005065756
investigation,0.00050643465
inspire,0.0005063296
data,0.0005062865
look like,0.00050593074
phrase,0.0005054646
bond,0.00050525
racist,0.00050520815
propose,0.0005047914
black life,0.0005032101
associate press,0.000503136
watergate,0.00050285715
dc,0.00050195085
limit,0.0005018878
front,0.0005013325
government,0.0005011382
conversation,0.00049983663
chancellor,0.0004988646
arrive,0.000498324
lament,0.00049793744
wear,0.0004979183
possibility,0.00049749366
first time,0.00049679185
occupy,0.0004967341
hollywood,0.00049598556
connect,0.0004955854
memory,0.00049541885
ok,0.00049538503
relationship,0.0004951354
divide,0.00049335696
sept,0.0004930864
cave,0.00049282314
op,0.0004926049
three month,0.00049254176
life matter,0.0004923514
per,0.00049161154
mine,0.00049157994
pick,0.00049153727
indiana,0.0004902196
first lady,0.00048911583
nine,0.0004888859
request,0.00048854627
staff,0.00048807613
thus,0.0004869924
michael,0.00048689774
today,0.000486892
learn,0.00048568932
msnbc,0.00048562686
unclear,0.00048522803
responsibility,0.0004850248
rally,0.0004827522
lead coalition,0.0004826596
significantly,0.00048199593
recipient,0.00048075302
nixon,0.000478256
inspector,0.00047807433
month,0.00047691408
presidential,0.00047625526
explain,0.0004755553
burden,0.00047555484
influential,0.00047525633
average,0.00047500271
anything,0.00047483397
foundation,0.00047478857
elect trump,0.00047109238
happen,0.0004707221
count,0.00047068557
executive,0.00047012593
praise,0.00046933192
select,0.00046893032
camp,0.0004679874
sleep,0.00046784978
trump win,0.0004677207
democratic,0.00046743834
catherine,0.00046696444
dark,0.00046692634
catholic,0.00046624854
brag,0.00046604907
blame,0.00046534644
military,0.00046526172
charge,0.00046478785
june,0.0004634135
anyone,0.00046324407
fight,0.0004628376
fast,0.00046273935
describe,0.000462678
era,0.00046267666
minimum,0.0004620744
independence,0.00046139027
egypt,0.000461044
lot,0.00046052947
respond,0.00046020633
jet,0.0004602012
cnn,0.00046013715
thousand,0.00045969678
reuters president,0.00045884232
experience,0.00045807718
bombshell,0.0004577281
enough,0.00045754988
surge,0.00045665062
overall,0.00045649664
dem,0.00045571616
trade,0.000455632
blow,0.00045503266
own,0.00045466068
currently,0.00045464112
christianity,0.0004545602
third,0.0004539503
expert,0.0004536091
mitt,0.0004535226
million million,0.00045314143
statistic,0.0004526956
january,0.0004517273
breitbart news,0.00045158094
broadcaster,0.0004510629
support trump,0.0004508863
majority,0.00044931076
comment,0.00044919775
cbs,0.00044781726
britain,0.00044749514
loss,0.0004469978
cash,0.00044699202
stage,0.00044655695
game,0.0004464145
nominee hillary,0.0004459311
authority,0.0004458545
basis,0.00044535226
work together,0.00044531914
tax,0.00044442323
trump say,0.00044438525
min,0.00044425987
emission,0.00044363548
mostly,0.00044313647
critical,0.00044303513
snip,0.00044136032
endorse,0.0004404693
shock,0.0004402559
slightly,0.00043936886
billion,0.00043906315
sexism,0.00043899062
awesome,0.00043874333
left,0.00043863594
kill,0.00043829042
hillary clinton,0.00043779463
nominee donald,0.0004369389
rise,0.00043679058
attorney,0.00043673147
survey,0.0004364227
period,0.00043605943
south,0.00043594395
columnist,0.00043540332
mexican,0.00043504187
est,0.00043500893
recent,0.0004347349
single,0.00043470907
twin,0.0004334261
paul,0.00043295007
john,0.00043245824
separatist,0.00043204482
unacceptable,0.0004317384
health,0.00043167447
iraq syria,0.00043144124
finance,0.00043088177
ability,0.00042979323
already,0.00042928036
know,0.00042891578
wednesday,0.00042780364
tell reuters,0.00042729452
law,0.00042602164
could use,0.0004248787
light,0.00042452867
ideological,0.00042443594
pretty,0.00042378693
highlight,0.0004236867
illegal,0.00042351973
behind,0.00042252452
andrew,0.00042234705
corporation,0.0004221048
therefore,0.00042190717
adversary,0.0004208713
career,0.00042055934
nyc,0.00042027308
serious,0.00042005675
towards,0.0004197526
quote,0.00041949708
category,0.0004190139
upset,0.000418071
barack,0.00041760053
top,0.0004168029
mosul,0.00041663295
donor,0.0004157173
east,0.00041567552
men,0.00041489367
de,0.00041484038
test,0.0004146486
moscow,0.00041400062
however,0.0004137289
todd,0.00041325807
green,0.0004130175
individual,0.00041247383
do,0.00041193492
celebrity,0.0004106048
department say,0.00040989296
initial,0.00040931662
street journal,0.00040924607
fit,0.00040849383
everything,0.0004083683
anniversary,0.00040824237
sometimes,0.0004080708
say add,0.00040792796
bannon,0.00040763032
reference,0.0004070801
massive,0.00040679844
refuse,0.0004063802
nothing,0.00040610193
medicine,0.00040495687
west,0.00040484892
deal,0.00040472232
john mccain,0.00040470355
yield,0.00040452636
parliamentary,0.00040324553
difference,0.00040174767
might,0.0004016634
treaty,0.0004009248
supporter,0.00039894765
add,0.00039892475
civil,0.00039886194
around country,0.00039867507
stand,0.00039854372
speech,0.00039726341
migration,0.0003971209
agenda,0.00039685133
pass,0.00039661207
encounter,0.0003964414
everyone,0.00039585834
obamacare,0.00039555092
product,0.0003955457
truth,0.00039548925
property,0.0003938556
attacker,0.0003936462
part,0.0003934639
project,0.00039341275
aid,0.00039327156
impact,0.0003930959
presence,0.00039302264
remember,0.00039179416
income,0.00039173203
easy,0.00039030128
editor,0.0003899033
child,0.00038981464
suspect,0.0003892664
seek,0.00038856518
tell reporter,0.0003882242
journalist,0.00038819367
sustainable,0.0003874296
answer,0.0003867285
congressional,0.00038671226
as,0.00038667655
conference,0.00038627375
rep,0.00038581985
fire,0.00038567107
past several,0.0003850126
insider,0.00038478032
ill,0.00038375388
post,0.00038374742
morning,0.00038354547
entity,0.00038290748
definitely,0.00038231228
could,0.00038219892
nominee,0.00038217934
power,0.0003806528
pause,0.00037977158
gender,0.0003797659
trans,0.00037870277
email,0.00037847576
relate,0.00037814473
san,0.00037716806
kasich,0.00037707636
protective,0.00037706576
pant,0.00037698916
actually,0.00037624803
election,0.0003755809
ahead,0.0003753541
position,0.000374597
moscow reuters,0.00037430204
round,0.00037418216
august,0.0003738275
mayor,0.00037378067
edit,0.00037348145
air,0.00037307973
gateway,0.000372984
lawsuit,0.00037282522
dna,0.00037269515
canada,0.00037251407
dismiss,0.00037233
crude,0.0003721408
otherwise,0.0003720409
news conference,0.00037180295
announce,0.0003717285
several,0.0003715954
sit,0.00037145073
account,0.00037134832
resettlement,0.00037055303
centre,0.00037038568
gather,0.00037008183
criticize,0.0003700786
crucial,0.00036984516
police,0.0003696992
clinic,0.0003689081
theme,0.00036750783
natural,0.00036748085
previously,0.00036737084
alien,0.00036688146
presidential election,0.00036628384
social,0.0003657612
town,0.0003655891
like,0.00036538616
county,0.00036492906
go,0.00036293827
party,0.00036272817
wait,0.00036242107
arrest,0.00036241102
libertarian,0.00036224155
deadly,0.0003620879
ride,0.00036109227
employee,0.00036084012
richard,0.00036081977
wake,0.00036055452
reality tv,0.00035984567
revolution,0.0003595543
television,0.0003594523
look,0.00035892866
fall,0.00035889025
voter fraud,0.00035840605
elect,0.00035833105
mass,0.00035770133
total,0.00035768386
researcher,0.00035758485
federal government,0.0003572021
second,0.0003566436
gathering,0.0003562804
regime,0.0003557674
carlson,0.0003553181
steady,0.00035528297
course,0.0003549021
user,0.00035475276
write,0.00035457936
opportunity,0.00035401573
corporate,0.00035250417
tolerance,0.00035214904
great,0.00035173594
prior,0.0003516326
threat,0.00035159226
indeed,0.0003511285
nbc news,0.00035074053
root,0.00034999114
move,0.0003494237
kind,0.00034920094
self,0.00034808405
guess,0.0003480394
proposal,0.00034774936
status,0.00034764578
intend,0.0003473251
drug,0.0003470451
job,0.00034640467
completely,0.0003462773
graphic,0.00034624213
plan,0.00034607455
july,0.00034590226
narrative,0.00034590112
service,0.0003457987
dollar,0.00034568209
drought,0.00034548252
human,0.00034489186
bit,0.00034487536
abuse,0.0003447346
premium,0.00034472166
frequently,0.0003438766
option,0.00034387244
climate,0.00034380978
northern,0.00034366868
pacific,0.00034364784
freedom,0.00034307712
either,0.00034290992
yes,0.00034271955
face,0.00034270438
recently,0.00034261847
unpopular,0.00034251768
house speaker,0.00034248366
allegedly,0.00034224257
economy,0.00034203945
crowd,0.00034189507
base,0.0003416998
told,0.00034129727
different,0.00034045114
channel,0.0003403639
obama,0.00034033667
approach,0.0003402546
analyst,0.000339378
heart,0.00033930334
christian,0.00033909053
able,0.00033903794
together,0.00033869746
president obama,0.00033841183
investigator,0.00033839402
ally,0.00033774826
effort,0.00033773173
state,0.0003377272
street,0.00033756945
least,0.0003374171
duty,0.00033730938
promise,0.00033677366
choice,0.00033664462
get,0.0003361977
peace,0.00033576065
online,0.0003351894
congress,0.00033511972
spot,0.00033502668
movement,0.00033500927
express,0.00033489894
barack obama,0.00033479015
away,0.0003347771
every,0.00033471687
generate,0.00033441526
chris,0.00033327306
capitol hill,0.00033315996
syrian,0.0003324503
outlet,0.00033225602
also report,0.0003322341
police say,0.00033219135
aim,0.00033062804
sure,0.0003306234
probably,0.0003303492
nancy,0.0003303383
cannot,0.00033022236
tv,0.00032986252
agree,0.00032971782
clear,0.00032870658
eastern,0.0003280931
contribution,0.00032784214
stretch,0.00032768538
seriously,0.00032745092
trump victory,0.00032742225
instead,0.00032698578
force,0.0003261648
worth,0.00032593173
percentage,0.00032521493
temporary,0.00032486263
father,0.00032450515
major,0.00032269867
class,0.00032216538
series,0.00032183778
serve,0.00032145958
pic,0.00032130422
try,0.00032072855
exist,0.00032057552
cite,0.00032047438
foreign,0.00032032572
holy,0.00032027124
statement,0.00032023367
method,0.0003202132
november election,0.00031930266
award,0.00031908558
seven,0.00031846116
open border,0.00031834346
number,0.00031815213
official,0.00031778513
mention,0.00031768382
personality,0.00031743888
republicans,0.00031665518
state department,0.00031633428
launch,0.0003158169
court,0.0003157885
tweet,0.00031574102
analysis,0.00031550552
reader,0.00031543372
correct,0.00031536154
publish,0.0003152079
wage,0.00031497356
michelle,0.00031437288
donald,0.00031417448
minute,0.00031305756
attract,0.00031305413
african,0.00031282604
type,0.00031273416
troop,0.00031248774
less,0.00031175357
high,0.00031163363
side,0.0003107611
nice,0.00031067885
voter,0.00031059116
program,0.00030997786
religious,0.00030985105
unite,0.00030981668
prove,0.00030969435
free,0.0003095775
originally,0.0003083427
hour,0.00030815546
vote,0.0003077178
reality,0.0003075862
file,0.0003073314
typically,0.00030674264
play,0.00030673222
value,0.00030669087
stay,0.00030662128
session,0.00030585728
money,0.000305538
bill,0.00030481743
target,0.00030477153
enjoy,0.00030429295
mark,0.00030403945
send,0.00030390362
suspected,0.00030382784
prepare,0.00030378444
join,0.0003037049
central bank,0.00030367207
cause,0.0003036069
city,0.00030325798
percentage point,0.00030297667
hundred,0.00030261715
economic,0.00030231333
although,0.0003022421
beauty,0.0003016582
iraqi,0.00030090794
old,0.00030061134
bid,0.0003002743
thing,0.0003001089
benefit,0.0002996312
lawyer,0.0002993152
leave,0.00029905152
much,0.00029841653
one thing,0.00029757514
smart,0.00029731423
sector,0.0002971392
valley,0.00029682054
war,0.00029640092
succeed,0.00029610653
nuclear,0.00029601436
disclose,0.00029594055
first,0.00029528356
world,0.00029490516
quite,0.00029483234
combat,0.00029458088
credit,0.00029451345
specifically,0.00029416732
sentence,0.0002939861
representative,0.00029389618
state america,0.00029371635
chief,0.00029359537
iraq,0.00029295814
beyond,0.00029288244
york,0.00029253575
offer,0.0002915285
potential,0.00029151203
achieve,0.00029131037
boat,0.00029108505
weekend,0.00029089855
inauguration,0.00029078487
question,0.00029045605
decision,0.00028930168
low,0.00028929333
three,0.000289175
around,0.00028911515
far,0.0002890357
audience,0.00028838406
brief,0.00028829335
legal,0.0002881356
equip,0.00028787163
late,0.00028783001
university,0.00028741153
discrimination,0.00028724395
conduct,0.00028712055
prayer,0.00028675218
federal,0.0002856409
sex,0.00028545104
bring,0.00028530596
access,0.00028487574
death,0.0002842946
pro,0.00028399227
associate,0.0002837694
muslim,0.00028373502
swing,0.00028373345
missouri,0.00028363024
college,0.00028351106
international,0.0002833801
identity,0.00028318548
kid,0.0002826182
past,0.00028246953
function,0.00028229647
depend,0.00028194932
accuse,0.00028158622
problem,0.00028128942
ridiculous,0.00028094594
justice department,0.00028086177
network,0.00028083092
hop,0.00028020443
emergency,0.00028009678
form,0.0002799064
design,0.0002793269
need,0.00027932215
suggest,0.00027930288
star,0.00027869456
really,0.00027779705
put,0.00027761658
private,0.00027709964
region,0.00027709387
buy,0.0002769404
remove,0.00027647286
grab,0.00027618092
fade,0.00027617617
interview,0.000275779
complete,0.0002756707
police department,0.00027540946
chief executive,0.00027538196
pressure,0.00027533335
expert say,0.00027480623
important,0.00027446452
across,0.0002744423
character,0.0002742147
th,0.00027409123
mean,0.00027397787
inform,0.00027362636
hot,0.00027324012
parliament,0.00027308986
supreme,0.00027233406
raise,0.00027188662
press,0.0002716426
national,0.0002714001
issue say,0.0002712277
claim,0.00027117503
love,0.00027107826
politico,0.00027064612
tire,0.00027056137
likely,0.0002697138
open society,0.00026965496
hit,0.0002695674
former,0.000269437
classify,0.0002686148
agency,0.0002682688
invest,0.00026812052
take place,0.00026788886
plot,0.0002676296
sensitive,0.00026746857
interior,0.00026738158
rate,0.00026712267
longer,0.0002670677
next week,0.0002670664
run,0.00026674915
speak,0.00026670366
secretary,0.00026643532
suppose,0.00026635296
generation,0.0002661617
address,0.00026522862
shortage,0.00026520898
theater,0.00026481555
protest,0.000264705
government would,0.00026465056
carolina,0.00026464972
fund,0.00026460094
meeting,0.00026456147
decide,0.00026399226
response,0.00026351222
equal,0.00026224877
possible,0.000262212
opposition,0.00026210648
justice,0.00026187915
facilitate,0.00026174012
putin,0.00026172874
coup,0.0002615696
popular,0.00026139946
check,0.0002610008
next,0.00026072256
deputy,0.00026060885
democrat,0.0002605341
control,0.00026025722
james comey,0.0002597443
live,0.00025970547
newt,0.00025924292
field,0.00025864068
one,0.0002584732
even,0.00025843235
close,0.0002580021
insist,0.00025733217
literally,0.00025701136
line,0.00025696214
standard,0.00025660737
chair,0.00025658513
woman,0.00025582567
ford,0.00025528323
consider,0.0002552643
female,0.0002552578
website,0.00025500337
classified,0.00025460645
case,0.00025431483
billionaire,0.00025412504
news,0.00025320155
pennsylvania,0.00025309846
debt,0.00025189333
country,0.00025183792
may,0.00025156277
give,0.00025136606
espionage,0.0002510546
citizen,0.00025089137
way,0.0002507908
recruit,0.00025017708
full,0.00024980638
person,0.00024979244
direct,0.00024952873
without,0.0002493989
group,0.00024925318
final,0.0002492053
dog,0.0002481132
relation,0.00024764836
start,0.00024640892
declare,0.00024633334
determine,0.00024605522
beat,0.00024589553
sound like,0.00024567067
daughter,0.0002454886
rape,0.0002453974
heard,0.0002449807
warn,0.00024478175
immediately,0.00024467314
kill people,0.00024449028
zero,0.00024434555
another,0.00024414012
home,0.00024398524
added,0.00024377042
despite,0.00024316317
maybe,0.00024314674
walk,0.00024290859
decade,0.00024254898
priority,0.00024248261
word,0.00024196338
cut,0.00024132009
nation,0.0002407343
washington,0.00024000288
information,0.00023938692
tension,0.00023930843
medical,0.0002392356
domestic,0.00023911873
grow,0.00023840104
especially,0.00023819589
white,0.00023810181
expect,0.00023788471
voice,0.00023764688
jan,0.00023739712
ask,0.00023701141
rodham,0.00023685374
bad,0.00023646327
constitutional,0.00023602908
win,0.00023597997
imagine,0.00023518942
fox,0.00023517186
little,0.00023482123
real,0.0002346079
reveal,0.00023416863
available,0.000233901
return,0.00023380792
outside,0.0002336395
dr,0.00023278793
ever,0.00023257355
indicate,0.00023222802
come,0.00023178286
dnc,0.00023056589
die,0.00023041053
usual,0.00023016467
make,0.0002299661
moment,0.00022987451
participant,0.00022983579
fuel,0.00022971883
fan,0.00022940304
document,0.00022926334
jail,0.00022920495
ago,0.00022918657
united state,0.00022914627
due,0.00022906212
accord,0.00022887185
message,0.0002285863
leadership,0.00022777387
near,0.00022707746
wound,0.0002270053
powerful,0.00022646596
let,0.00022579607
worry,0.00022501897
cease,0.00022495702
russian official,0.00022462619
american,0.00022441045
long,0.00022423368
hope,0.00022397412
sign,0.00022376022
hate,0.00022317284
council,0.00022316177
tell,0.00022283358
rather,0.00022274934
work,0.00022270007
enforcement,0.00022261987
name,0.00022253532
st,0.00022184035
global,0.00022139
general,0.00022097451
company,0.00022081943
back,0.00022058176
behalf,0.00022036313
careless,0.00021964377
movie,0.00021953876
many,0.00021915755
policy,0.00021914634
security,0.00021875398
dems,0.00021867057
cost,0.00021858477
interest,0.00021792715
open,0.00021738066
firm,0.00021734294
positive,0.00021727914
september,0.00021721765
germany,0.00021693851
hold,0.00021679184
earlier,0.00021630866
million dollar,0.00021630859
progressive,0.00021559712
shop,0.00021540617
concern,0.00021470989
support,0.00021414077
hear,0.00021378127
would,0.00021369399
notice,0.0002136922
history,0.00021339665
always,0.00021322828
federal reserve,0.00021275351
ban,0.00021256594
negative,0.00021227042
want,0.00021154563
kingdom,0.00021109874
ultimately,0.00021035376
drop,0.00021028412
eye,0.00020920079
israeli,0.00020919772
party nomination,0.0002090149
raise million,0.00020874655
jerry,0.00020852275
reason,0.00020845495
united,0.0002084105
fine,0.00020823065
big,0.00020806561
carry,0.00020788924
hill,0.00020786618
block,0.00020720322
faith,0.00020700174
link,0.00020686784
threaten,0.00020623232
affordable care,0.0002060874
begin,0.00020574937
attempt,0.00020568552
strike,0.00020547441
board,0.00020537426
people,0.00020493825
find,0.00020492474
evidence,0.00020466241
member,0.0002039433
right,0.00020393662
fail,0.00020363409
black people,0.00020281514
nov,0.0002020759
practice,0.00020201551
order,0.00020172256
compete,0.00020081305
mother,0.00020063984
school,0.00020013128
deny,0.0001998991
man,0.00019931838
year,0.00019886185
create,0.000198436
protection,0.00019799132
lose,0.00019745756
condition,0.00019740073
promote,0.00019711307
specific,0.00019694204
behavior,0.00019681825
take,0.00019665655
whose,0.00019647936
end,0.00019625027
note,0.00019618297
well,0.00019596981
crime,0.00019590305
place,0.000195849
sense,0.00019539031
unlikely,0.00019483421
excuse,0.00019451069
turn,0.00019431904
show,0.00019416888
business,0.00019334085
reduce,0.00019320937
office,0.00019279805
legislation,0.00019247434
contract,0.00019203254
feel,0.00019188596
action,0.00019173596
detention,0.00019112036
wall,0.00019078943
republican party,0.00019005207
since,0.00018950632
jewish,0.00018737376
pay,0.00018717757
heavy,0.00018692251
see,0.000186919
believe,0.00018682682
model,0.00018665298
communication,0.00018443055
talk,0.00018438508
grant,0.00018367365
obama administration,0.00018356583
example,0.00018343393
obtain,0.00018338254
victory,0.00018208942
call,0.00018118935
true,0.00018086236
draw,0.0001808339
provide,0.0001807078
build,0.00017918984
though,0.00017905931
fly,0.00017863479
age,0.00017862138
ground,0.0001784502
appear,0.00017836018
clean,0.00017833874
secure,0.00017804027
day,0.00017801578
system,0.0001769782
reach,0.00017604363
public,0.00017538041
coast,0.00017536766
political,0.00017522786
handle,0.00017472313
terrorism,0.00017457598
become,0.00017387913
use,0.00017378108
director,0.00017338418
court nominee,0.0001727888
fake,0.00017232764
defense,0.00017213143
help,0.00017194399
never,0.00017151242
sea,0.00017106859
choose,0.00017097221
good,0.00017024807
barely,0.00016992008
term,0.00016989883
investor,0.00016935781
law enforcement,0.00016928549
syria,0.00016837803
weapon,0.00016822222
point,0.00016808519
trash,0.00016794838
whatever,0.00016771378
instagram,0.00016742462
event,0.00016713222
present,0.00016664805
time,0.00016607552
arab,0.00016572083
identify,0.00016532151
interest rate,0.00016509715
aide,0.00016394145
largely,0.00016367479
community,0.00016295328
clinton campaign,0.00016293731
wrong,0.0001623453
care,0.00016142633
respect,0.0001611535
replace,0.0001600964
isil,0.00016005579
department,0.00015990138
soldier,0.00015934251
gallery,0.00015914363
shot,0.00015901343
oppose,0.00015891327
picture,0.00015882336
million,0.0001585447
research,0.00015851745
significant,0.00015841456
local,0.00015830949
allegation,0.00015803475
regard,0.00015801663
subject,0.00015780774
allow,0.00015712909
mike penny,0.0001566164
others,0.00015637914
damage,0.00015616608
life,0.00015594815
act,0.00015533391
social medium,0.00015465576
century,0.00015324002
member congress,0.00015227134
think,0.00015080787
yet,0.00015001881
trail,0.00014903588
tonight,0.0001489615
must,0.00014817645
short,0.00014816476
family,0.00014747381
head,0.00014675208
confirm,0.00014577014
hand,0.00014403733
contributor,0.00014393295
record,0.00014382781
solution,0.0001437678
last week,0.00014358762
instance,0.00014326464
bench,0.00014325543
market,0.00014269829
middle,0.0001421842
situation,0.0001421753
occur,0.00014153548
crew,0.00014142848
favor,0.00014129216
similar,0.00014070419
organization,0.00014044091
machine,0.00014013234
assassination,0.00013921033
europe,0.00013911253
protester,0.00013874998
result,0.00013802163
officer,0.00013798813
dead,0.00013777394
change,0.00013767343
fear,0.0001369186
flee,0.00013678233
figure,0.00013636907
amount,0.00013583351
distribute,0.00013512751
receive,0.00013508777
route,0.0001337218
realize,0.00013300017
los,0.0001326566
slow,0.00012974018
presidential candidate,0.0001280341
orange,0.00012763646
forward,0.00012716677
colleague,0.0001262832
release,0.000126243
keep,0.00012607488
headline,0.00012554925
attention,0.0001253592
continue,0.00012517587
executive order,0.00012491179
demonstrate,0.00012408856
almost,0.0001229318
activist,0.00012125089
traditional,0.000120142766
billion dollar,0.000120017205
finish,0.00011925845
discussion,0.000119141805
ongoing,0.00011876611
kremlin,0.00011869265
small,0.00011803597
increase,0.000117697426
felt,0.00011689346
hire,0.00011583719
worker,0.000115702416
headquarters,0.00011536741
general election,0.00011324509
anthem,0.00011237265
incident,0.00011127267
david,0.0001090666
infrastructure,0.000104162216
gas,0.00010202938
prevent,0.00010191799
screen,0.00010188559
food,0.00010026445
earn,0.000100156285
embrace,9.952884e-05
arm,9.693658e-05
tie,9.603813e-05
felony,9.54425e-05
senator marco,9.5055126e-05
phone,9.4839095e-05
best,9.380092e-05
controversy,9.229968e-05
stream,9.094301e-05
honestly,9.057007e-05
along,8.522317e-05
want get,8.500894e-05
trade agreement,8.332474e-05
process,7.838115e-05
spell,7.730241e-05
traffic,7.5801254e-05
gov,7.444208e-05
florida,7.2478666e-05
shirt,7.210198e-05
guard,6.922163e-05
security guard,6.85983e-05
syrian refugee,6.817599e-05
england,6.590235e-05
look forward,6.388922e-05
attend,6.273921e-05
civil right,6.166253e-05
vladimir putin,5.915128e-05
cast,5.838601e-05
mitch,5.8186546e-05
national security,5.72769e-05
terror attack,5.6435885e-05
lawmaker,5.4525346e-05
canadian,5.2768977e-05
committee chairman,5.143282e-05
none,0.0
refuge,0.0
nonetheless,0.0
recover,0.0
much less,0.0
recovery,0.0
recreational,0.0
nonpartisan,0.0
refrain,0.0
notify,0.0
nonprofit,0.0
nonsense,0.0
reflection,0.0
norm,0.0
normal,0.0
nothing wrong,0.0
much good,0.0
notion,0.0
rosenstein,0.0
ross,0.0
nod,0.0
regain,0.0
noise,0.0
nominate,0.0
record show,0.0
recount,0.0
nominee president,0.0
refusal,0.0
non profit,0.0
recording,0.0
refugees,0.0
refugee resettlement,0.0
refugee crisis,0.0
refugee camp,0.0
nominating,0.0
refer,0.0
red line,0.0
north korean,0.0
northeast,0.0
norwegian,0.0
red state,0.0
reel,0.0
reddit,0.0
normalize,0.0
redstone,0.0
northwestern,0.0
reed,0.0
northeastern,0.0
northern iraq,0.0
northwest,0.0
reduction,0.0
northern ireland,0.0
norway,0.0
normally,0.0
noted,0.0
notably,0.0
refers,0.0
referendum,0.0
recruitment,0.0
north,0.0
notable,0.0
rough,0.0
north america,0.0
north american,0.0
nose,0.0
red,0.0
rouge,0.0
north carolina,0.0
north dakota,0.0
north korea,0.0
red cross,0.0
recuse,0.0
reliable,0.0
newsletter,0.0
relevant,0.0
relentless,0.0
release video,0.0
newspaper,0.0
release tax,0.0
release statement,0.0
roosevelt,0.0
newspaper report,0.0
relax,0.0
noting,0.0
newt gingrich,0.0
relatives,0.0
relatively,0.0
next day,0.0
next four,0.0
next generation,0.0
next month,0.0
relation russia,0.0
relation committee,0.0
next president,0.0
next step,0.0
newspaper say,0.0
news daily,0.0
remind,0.0
news medium,0.0
mueller,0.0
remedy,0.0
news organization,0.0
remarkable,0.0
remark,0.0
remains,0.0
news outlet,0.0
rely,0.0
news trump,0.0
news report,0.0
relocate,0.0
religious liberty,0.0
news site,0.0
religious freedom,0.0
news story,0.0
religion,0.0
much time,0.0
relieve,0.0
relief,0.0
reliance,0.0
news sunday,0.0
reluctant,0.0
regular,0.0
niger,0.0
regret,0.0
registration,0.0
nigeria,0.0
night live,0.0
registered,0.0
register,0.0
nightclub,0.0
regional government,0.0
nightmare,0.0
next time,0.0
nikki,0.0
nikki haley,0.0
regime change,0.0
nine month,0.0
ninth,0.0
noah,0.0
much like,0.0
nobel,0.0
regardless,0.0
nobel peace,0.0
nobody,0.0
regional,0.0
next two,0.0
next year,0.0
nfl,0.0
rejection,0.0
reject,0.0
ngo,0.0
reiterate,0.0
reinstate,0.0
nick,0.0
reinforce,0.0
reince priebus,0.0
regularly,0.0
rein,0.0
nickname,0.0
reilly,0.0
reign,0.0
much money,0.0
nicolas,0.0
reid,0.0
regulatory,0.0
regulator,0.0
regulation,0.0
nieto,0.0
regulate,0.0
reince,0.0
observe,0.0
observer,0.0
rational,0.0
rating,0.0
row,0.0
obsess,0.0
rate percent,0.0
obsession,0.0
obstacle,0.0
roy,0.0
rat,0.0
news host,0.0
obstruction,0.0
obstruction justice,0.0
rarely,0.0
rare,0.0
obviously,0.0
occasion,0.0
occasional,0.0
roy moore,0.0
rapper,0.0
rapist,0.0
rapidly,0.0
obstruct,0.0
reaction,0.0
react,0.0
reach comment,0.0
obama tell,0.0
reach agreement,0.0
obama white,0.0
rd,0.0
mr president,0.0
obama would,0.0
ray,0.0
obamas,0.0
observatory,0.0
obey,0.0
rauner,0.0
object,0.0
objection,0.0
objective,0.0
rattle,0.0
mr penny,0.0
obligation,0.0
obscure,0.0
mr obama,0.0
observation,0.0
raw,0.0
offensive,0.0
mr kushner,0.0
ramadan,0.0
ram,0.0
offering,0.0
mr johnson,0.0
rubber,0.0
ralph,0.0
office jan,0.0
rakhine state,0.0
rakhine,0.0
rapid,0.0
raise question,0.0
raise money,0.0
office january,0.0
raise concern,0.0
office president,0.0
office say,0.0
rubble,0.0
rubio say,0.0
mr erdogan,0.0
officer say,0.0
rude,0.0
rajoy,0.0
ocean,0.0
rap,0.0
odd,0.0
ranking,0.0
rank,0.0
range,0.0
random,0.0
rand paul,0.0
royal,0.0
rand,0.0
odds,0.0
mr netanyahu,0.0
ranch,0.0
ran,0.0
rampant,0.0
rampage,0.0
odinga,0.0
ramp,0.0
ramos,0.0
offend,0.0
offender,0.0
ramaphosa,0.0
offense,0.0
rancher,0.0
reckless,0.0
nuclear agreement,0.0
nuclear arm,0.0
recipe,0.0
recession,0.0
recess,0.0
nuclear deal,0.0
nuclear missile,0.0
reception,0.0
nuclear power,0.0
nuclear program,0.0
obama take,0.0
recent week,0.0
recent poll,0.0
recent month,0.0
nuclear test,0.0
nuclear war,0.0
recent day,0.0
routine,0.0
nuclear weapon,0.0
mr scott,0.0
recall,0.0
rebuke,0.0
recent year,0.0
msm,0.0
mrs clinton,0.0
reconstruction,0.0
notorious,0.0
reconsider,0.0
nov election,0.0
nov presidential,0.0
mr xi,0.0
reconciliation,0.0
novel,0.0
nowhere,0.0
nsa,0.0
recommendation,0.0
rouhani,0.0
recommend,0.0
recognize jerusalem,0.0
recognize,0.0
recognition,0.0
npr,0.0
mr spicer,0.0
mr session,0.0
nra,0.0
reclaim,0.0
reconcile,0.0
oath,0.0
mr sander,0.0
obama also,0.0
obama call,0.0
obama clinton,0.0
mr ryan,0.0
reality show,0.0
obama era,0.0
realistic,0.0
real time,0.0
mr roof,0.0
rebuild,0.0
real estate,0.0
obama go,0.0
obama make,0.0
reagan,0.0
reaffirm,0.0
ready,0.0
reading,0.0
obama say,0.0
obama signature,0.0
mr putin,0.0
reactor,0.0
obama first,0.0
rebellion,0.0
rebel group,0.0
rebel,0.0
reassure,0.0
reasonable,0.0
number one,0.0
rear,0.0
number people,0.0
nunes,0.0
realm,0.0
nurse,0.0
oakland,0.0
really think,0.0
really really,0.0
nusra,0.0
really need,0.0
nut,0.0
really know,0.0
nutrition,0.0
nypd,0.0
really good,0.0
routinely,0.0
really go,0.0
really want,0.0
nationally,0.0
revenue,0.0
nationwide,0.0
revenge,0.0
native american,0.0
nato,0.0
revelation,0.0
nato ally,0.0
natural gas,0.0
natural resource,0.0
naturally,0.0
railroad,0.0
nature,0.0
reuters white,0.0
reuters united,0.0
naval,0.0
reuters senate,0.0
reuters russian,0.0
rodriguez,0.0
navalny,0.0
reuters republican,0.0
navigate,0.0
navy,0.0
rev,0.0
rhetoric,0.0
reynolds,0.0
national intelligence,0.0
rex tillerson,0.0
national interest,0.0
national park,0.0
murdoch,0.0
rewrite,0.0
reward,0.0
revolutionary guard,0.0
national party,0.0
reversal,0.0
revolutionary,0.0
national poll,0.0
revolt,0.0
revoke,0.0
revive,0.0
revise,0.0
review,0.0
nationalism,0.0
reverse,0.0
nationalist,0.0
nationality,0.0
rodrigo duterte,0.0
retain,0.0
roger,0.0
rogers,0.0
nearly million,0.0
retailer,0.0
retail,0.0
nearly percent,0.0
rogue,0.0
nearly two,0.0
resume,0.0
rohingya,0.0
nazi,0.0
restroom,0.0
restriction,0.0
restrict,0.0
restraint,0.0
nearly year,0.0
rohingya muslim,0.0
restrain,0.0
murderer,0.0
restore,0.0
nebraska,0.0
necessarily,0.0
restructure,0.0
reuters ipsos,0.0
nazis,0.0
reuters house,0.0
reuters former,0.0
nbc,0.0
nc,0.0
reuters democratic,0.0
reuters china,0.0
nd,0.0
retweeted,0.0
return home,0.0
nearly half,0.0
retreat,0.0
retirement,0.0
roe,0.0
retired,0.0
retire,0.0
rethink,0.0
retaliation,0.0
near future,0.0
retaliate,0.0
nearby,0.0
nearly every,0.0
neanderthal,0.0
museum,0.0
ritual,0.0
risky,0.0
muslim country,0.0
risk,0.0
rise percent,0.0
rockefeller,0.0
muslim enter,0.0
rip,0.0
muslim majority,0.0
riot,0.0
rhode,0.0
ring,0.0
rocket,0.0
muslims,0.0
rocky,0.0
right watch,0.0
right vote,0.0
rod,0.0
mutual,0.0
right violation,0.0
muscle,0.0
right trump,0.0
rio,0.0
music,0.0
robust,0.0
musical,0.0
rock sioux,0.0
robot,0.0
robinson,0.0
robertson,0.0
robert mueller,0.0
musician,0.0
robert,0.0
musk,0.0
muslim community,0.0
rob,0.0
roast,0.0
roar,0.0
muslim ban,0.0
road,0.0
rnc,0.0
riyadh,0.0
river,0.0
rivalry,0.0
rival hillary,0.0
muslim brotherhood,0.0
robbery,0.0
murphy,0.0
nasa,0.0
nasty,0.0
nate,0.0
nation say,0.0
rodrigo,0.0
ridicule,0.0
nation security,0.0
national anthem,0.0
rid,0.0
rico,0.0
right thing,0.0
rick,0.0
national committee,0.0
richmond,0.0
national convention,0.0
national debt,0.0
national election,0.0
national guard,0.0
rice,0.0
ria,0.0
rhodes,0.0
rhode island,0.0
rick perry,0.0
right say,0.0
right movement,0.0
myanmar,0.0
mysterious,0.0
right group,0.0
mystery,0.0
right activist,0.0
myth,0.0
right act,0.0
right abuse,0.0
na,0.0
narrowly,0.0
nail,0.0
nairobi,0.0
naked,0.0
namely,0.0
names,0.0
nancy pelosi,0.0
rig election,0.0
murray,0.0
rig,0.0
rift,0.0
narrow,0.0
rifle,0.0
nafta,0.0
never hear,0.0
never know,0.0
never say,0.0
republic,0.0
reproductive,0.0
never see,0.0
nevertheless,0.0
new administration,0.0
new american,0.0
representative speaker,0.0
roof,0.0
restoration,0.0
muhammad,0.0
representation,0.0
represent,0.0
new delhi,0.0
new email,0.0
reporting,0.0
reporter ask,0.0
new england,0.0
new era,0.0
report trump,0.0
report state,0.0
new book,0.0
multiple time,0.0
republican majority,0.0
republican leadership,0.0
republican leader,0.0
multiple,0.0
republican lead,0.0
republican lawmaker,0.0
never get,0.0
multinational,0.0
republican house,0.0
republican governor,0.0
republican candidate,0.0
republican establishment,0.0
republican donald,0.0
never go,0.0
republican democratic,0.0
republican democrat,0.0
republican convention,0.0
republican control,0.0
republican congress,0.0
republican chairman,0.0
multi,0.0
never happen,0.0
republican front,0.0
reopen investigation,0.0
reopen,0.0
renzi,0.0
new report,0.0
rental,0.0
new rule,0.0
new sanction,0.0
rent,0.0
new world,0.0
renewable,0.0
mugabe,0.0
new government,0.0
renew,0.0
renegotiate,0.0
render,0.0
rename,0.0
new yorker,0.0
new zealand,0.0
removal,0.0
remote,0.0
reminiscent,0.0
newly,0.0
reminder,0.0
new year,0.0
report say,0.0
report release,0.0
report new,0.0
report last,0.0
report also,0.0
new hampshire,0.0
new jersey,0.0
reply,0.0
new job,0.0
new law,0.0
replacement,0.0
new president,0.0
new one,0.0
replace obamacare,0.0
new orleans,0.0
new policy,0.0
repeatedly,0.0
repeat,0.0
repeal replace,0.0
repeal obamacare,0.0
repeal,0.0
repair,0.0
new poll,0.0
new mexico,0.0
resolution,0.0
resistance,0.0
resist,0.0
roman catholic,0.0
need win,0.0
resignation,0.0
resign,0.0
needle,0.0
residential,0.0
resident,0.0
residence,0.0
republican national,0.0
neglect,0.0
negotiate,0.0
negotiation,0.0
reside,0.0
negotiator,0.0
resettle,0.0
neighbor,0.0
reset,0.0
reserve,0.0
rome,0.0
reservation,0.0
romania,0.0
restaurant,0.0
necessary,0.0
rest world,0.0
necessity,0.0
responsible,0.0
roll,0.0
neck,0.0
need get,0.0
respondent,0.0
murder,0.0
respond request,0.0
roman,0.0
respectively,0.0
roll back,0.0
need help,0.0
respective,0.0
need know,0.0
resource,0.0
need make,0.0
need take,0.0
resort,0.0
resonate,0.0
resolve,0.0
need go,0.0
republican trump,0.0
ron,0.0
republican tax,0.0
republican strategist,0.0
net,0.0
republican state,0.0
republican senator,0.0
republican senate,0.0
republican say,0.0
net worth,0.0
republican rival,0.0
resentment,0.0
republican primary,0.0
republican presidential,0.0
netflix,0.0
republican president,0.0
republican plan,0.0
netherlands,0.0
neutral,0.0
neutrality,0.0
nevada,0.0
republican nominee,0.0
republican nomination,0.0
republican representative,0.0
resemble,0.0
romney,0.0
municipal,0.0
research center,0.0
neighborhood,0.0
mulvaney,0.0
rescue,0.0
rescind,0.0
requirement,0.0
neil,0.0
require,0.0
republican vote,0.0
request comment,0.0
neither,0.0
nelson,0.0
neo,0.0
neocon,0.0
neoconservative,0.0
reputation,0.0
republicans congress,0.0
nerve,0.0
republican would,0.0
republican voter,0.0
nervous,0.0
neil gorsuch,0.0
pay wall,0.0
paycheck,0.0
poverty,0.0
pour,0.0
payer,0.0
payment,0.0
payroll,0.0
pound,0.0
potus,0.0
pe,0.0
peace deal,0.0
mr de,0.0
peace prize,0.0
peace process,0.0
potent,0.0
potato,0.0
pot,0.0
peace talk,0.0
peaceful,0.0
posture,0.0
postpone,0.0
peacefully,0.0
poster,0.0
post twitter,0.0
potentially,0.0
pathetic,0.0
patience,0.0
pragmatic,0.0
patient,0.0
patrick,0.0
patriot,0.0
patriotic,0.0
patriotism,0.0
practically,0.0
practical,0.0
pr,0.0
patrol,0.0
pay tax,0.0
patron,0.0
pattern,0.0
paul manafort,0.0
paul ryan,0.0
power plan,0.0
pave,0.0
pave way,0.0
pay attention,0.0
pay million,0.0
pay play,0.0
powell,0.0
powder,0.0
power plant,0.0
penny,0.0
port,0.0
penny say,0.0
poroshenko,0.0
por,0.0
populous,0.0
populist,0.0
populism,0.0
pension,0.0
population,0.0
popularity,0.0
post say,0.0
pentagon,0.0
pope francis,0.0
people around,0.0
pope,0.0
pop,0.0
poorly,0.0
poor,0.0
people believe,0.0
pool getty,0.0
people call,0.0
people color,0.0
pompeo,0.0
popular vote,0.0
peacekeeping,0.0
peak,0.0
peanut,0.0
pearl,0.0
post report,0.0
peddle,0.0
pedophile,0.0
post facebook,0.0
peer,0.0
possibly,0.0
pelosi,0.0
pen,0.0
portfolio,0.0
pena nieto,0.0
possession,0.0
possess,0.0
penalty,0.0
pending,0.0
peninsula,0.0
pose,0.0
portray,0.0
portrait,0.0
portland,0.0
penn,0.0
portion,0.0
pena,0.0
partially,0.0
participate,0.0
president mike,0.0
participation,0.0
president make,0.0
president joe,0.0
president george,0.0
president enrique,0.0
president emmanuel,0.0
particular,0.0
partly,0.0
pray,0.0
partnership,0.0
party candidate,0.0
president clinton,0.0
president bill,0.0
president bashar,0.0
party congress,0.0
party leader,0.0
president american,0.0
party line,0.0
president also,0.0
party member,0.0
party nominee,0.0
partner,0.0
presidential nomination,0.0
parallel,0.0
presidential hopeful,0.0
paramilitary,0.0
pardon,0.0
paris agreement,0.0
presidential debate,0.0
paris climate,0.0
presidential campaign,0.0
paris reuters,0.0
presidential bid,0.0
park,0.0
president rodrigo,0.0
parking,0.0
president xi,0.0
president would,0.0
parliamentary election,0.0
president vladimir,0.0
president united,0.0
parole,0.0
part country,0.0
president tayyip,0.0
president take,0.0
partial,0.0
president say,0.0
parker,0.0
pregnancy,0.0
preferred,0.0
past week,0.0
pastor,0.0
preference,0.0
prefer,0.0
predominantly,0.0
prediction,0.0
predictable,0.0
predict,0.0
predecessor,0.0
party official,0.0
patch,0.0
predator,0.0
precisely,0.0
precise,0.0
precious,0.0
precinct,0.0
precedent,0.0
preacher,0.0
preach,0.0
pre,0.0
patent,0.0
path,0.0
pat,0.0
preside,0.0
party presidential,0.0
preserve,0.0
party say,0.0
presentation,0.0
party would,0.0
pas,0.0
pass bill,0.0
pass law,0.0
prescription,0.0
prepared,0.0
passage,0.0
past two,0.0
passenger,0.0
passion,0.0
premise,0.0
premier,0.0
preliminary,0.0
prejudice,0.0
passionate,0.0
passport,0.0
pregnant woman,0.0
pregnant,0.0
past decade,0.0
past month,0.0
preparation,0.0
personnel,0.0
perspective,0.0
persuade,0.0
played,0.0
peru,0.0
playbook,0.0
peshmerga,0.0
peskov,0.0
play role,0.0
pet,0.0
pete,0.0
people come,0.0
peter,0.0
petersburg,0.0
petition,0.0
plate,0.0
plastic,0.0
petraeus,0.0
planning,0.0
planned,0.0
petroleum,0.0
plane,0.0
plan would,0.0
plan say,0.0
plausible,0.0
permanent,0.0
permanently,0.0
permit,0.0
perpetrate,0.0
rudy,0.0
plenty,0.0
perpetrator,0.0
perpetuate,0.0
pledge,0.0
pleasure,0.0
perry,0.0
persecute,0.0
player,0.0
persecution,0.0
persian,0.0
persist,0.0
persistent,0.0
persona,0.0
plead guilty,0.0
plead,0.0
plea,0.0
playoff,0.0
personal email,0.0
playing,0.0
personally,0.0
pleased,0.0
piss,0.0
phone call,0.0
phone interview,0.0
pirate,0.0
phony,0.0
pipeline,0.0
photograph,0.0
photographer,0.0
pipe,0.0
pioneer,0.0
physic,0.0
petty,0.0
pin,0.0
pilot,0.0
pillar,0.0
pill,0.0
pile,0.0
physical,0.0
physically,0.0
pig,0.0
physician,0.0
pierce,0.0
pickup,0.0
piece,0.0
pink,0.0
pew,0.0
pew research,0.0
ph,0.0
plaintiff,0.0
pharma,0.0
plain,0.0
plague,0.0
place like,0.0
pharmaceutical,0.0
phase,0.0
pkk,0.0
phelps,0.0
pistol,0.0
phil,0.0
philadelphia,0.0
philip,0.0
philippine,0.0
pizza,0.0
philosopher,0.0
philosophy,0.0
pivotal,0.0
phoenix,0.0
pivot,0.0
pittsburgh,0.0
pit,0.0
phenomenon,0.0
politically,0.0
political system,0.0
political scientist,0.0
political science,0.0
political process,0.0
people make,0.0
people need,0.0
political party,0.0
people people,0.0
people say,0.0
political opponent,0.0
plight,0.0
political crisis,0.0
political correctness,0.0
political career,0.0
political campaign,0.0
political analyst,0.0
people see,0.0
political action,0.0
people still,0.0
polish,0.0
policy would,0.0
people take,0.0
policy say,0.0
political leader,0.0
people could,0.0
people country,0.0
pollution,0.0
pollster,0.0
polling,0.0
poll show,0.0
people die,0.0
poll release,0.0
poll number,0.0
poll find,0.0
people familiar,0.0
people feel,0.0
people look,0.0
people get,0.0
people go,0.0
people include,0.0
people kill,0.0
politico report,0.0
people know,0.0
people leave,0.0
people like,0.0
politicize,0.0
politician,0.0
people live,0.0
politically correct,0.0
poll conduct,0.0
poise,0.0
percent support,0.0
point view,0.0
percent trump,0.0
percent vote,0.0
point trump,0.0
percent voter,0.0
percent year,0.0
point lead,0.0
perception,0.0
perez,0.0
perfect,0.0
people think,0.0
podium,0.0
podesta email,0.0
podesta,0.0
podcast,0.0
performer,0.0
pocket,0.0
perhaps,0.0
plus,0.0
plunge,0.0
plummet,0.0
plug,0.0
period time,0.0
perfectly,0.0
people trump,0.0
people try,0.0
policy adviser,0.0
people use,0.0
people vote,0.0
policeman,0.0
people want,0.0
people work,0.0
people would,0.0
pepper,0.0
per day,0.0
police force,0.0
percent say,0.0
police chief,0.0
police brutality,0.0
police arrest,0.0
per year,0.0
perceive,0.0
percent accord,0.0
pole,0.0
percent american,0.0
polarize,0.0
percent percent,0.0
poland,0.0
poison,0.0
per hour,0.0
publication,0.0
public statement,0.0
public service,0.0
public school,0.0
public safety,0.0
public relation,0.0
public private,0.0
public policy,0.0
one say,0.0
public opinion,0.0
one several,0.0
paragraph,0.0
public office,0.0
public land,0.0
one source,0.0
one state,0.0
public health,0.0
public affair,0.0
one three,0.0
one time,0.0
psychologist,0.0
one trump,0.0
psychological,0.0
pruitt,0.0
one side,0.0
one many,0.0
puppet,0.0
punishment,0.0
punish,0.0
one million,0.0
pundit,0.0
one month,0.0
one mr,0.0
one official,0.0
punch,0.0
pump,0.0
pulse,0.0
one republican,0.0
puigdemont,0.0
puerto rico,0.0
puerto,0.0
one one,0.0
publisher,0.0
one party,0.0
one people,0.0
one person,0.0
one reason,0.0
publicly,0.0
publicize,0.0
publicity,0.0
pull,0.0
protector,0.0
open letter,0.0
protection agency,0.0
open new,0.0
protect,0.0
opening,0.0
prosperity,0.0
openly,0.0
prospective,0.0
prospect,0.0
opera,0.0
proxy,0.0
prosecutor say,0.0
prosecutor,0.0
operational,0.0
prosecution,0.0
operative,0.0
prosecute,0.0
proposition,0.0
operator,0.0
opinion poll,0.0
proposal would,0.0
opioid,0.0
opponent,0.0
operation,0.0
provoke,0.0
provocative,0.0
provocation,0.0
provision,0.0
one two,0.0
one way,0.0
one week,0.0
one woman,0.0
provincial,0.0
province,0.0
provider,0.0
one world,0.0
open fire,0.0
one year,0.0
provide detail,0.0
onion,0.0
onstage,0.0
onto,0.0
op ed,0.0
proven,0.0
open door,0.0
proudly,0.0
proud,0.0
protocol,0.0
protestors,0.0
one would,0.0
racism,0.0
racially,0.0
racial,0.0
rachel,0.0
oil gas,0.0
quote say,0.0
oil price,0.0
quota,0.0
quo,0.0
okay,0.0
oklahoma,0.0
one man,0.0
old man,0.0
quit,0.0
old son,0.0
quietly,0.0
quiet,0.0
quickly,0.0
quick,0.0
questionable,0.0
oligarchy,0.0
question whether,0.0
question trump,0.0
question ask,0.0
old girl,0.0
official also,0.0
rail,0.0
raid,0.0
rahami,0.0
rage,0.0
rag,0.0
official speak,0.0
radio station,0.0
official state,0.0
radio show,0.0
official tell,0.0
official washington,0.0
oil company,0.0
radio host,0.0
offset,0.0
offshore,0.0
radio,0.0
radical islamic,0.0
radical islam,0.0
radical,0.0
ohio governor,0.0
radiation,0.0
oil,0.0
radar,0.0
rack,0.0
officially,0.0
one could,0.0
put forward,0.0
one country,0.0
pussy,0.0
one day,0.0
push back,0.0
one first,0.0
one go,0.0
one great,0.0
one hand,0.0
pursuit,0.0
oliver,0.0
one important,0.0
purpose,0.0
purport,0.0
one know,0.0
one large,0.0
purple,0.0
purge,0.0
purely,0.0
one last,0.0
pure,0.0
purchase,0.0
one main,0.0
pursue,0.0
quest,0.0
queen,0.0
olympic,0.0
olympics,0.0
quarterback,0.0
quarter,0.0
quality,0.0
qualify,0.0
omar,0.0
one another,0.0
qualified,0.0
qualification,0.0
put place,0.0
one best,0.0
one big,0.0
qatar,0.0
qaeda,0.0
pyongyang,0.0
puzzle,0.0
puzder,0.0
putin say,0.0
one candidate,0.0
put together,0.0
one china,0.0
put pressure,0.0
quake,0.0
prioritize,0.0
overwhelmingly,0.0
owe,0.0
owner,0.0
ownership,0.0
oxford,0.0
oxygen,0.0
principle,0.0
pa,0.0
pac,0.0
pace,0.0
proportion,0.0
principal,0.0
princeton,0.0
princess,0.0
prince mohammed,0.0
prince,0.0
pack,0.0
package,0.0
pact,0.0
page,0.0
pageant,0.0
pai,0.0
primarily,0.0
pacific partnership,0.0
privilege,0.0
oval office,0.0
privately,0.0
private server,0.0
private sector,0.0
overcome,0.0
private equity,0.0
private email,0.0
overhaul,0.0
overlook,0.0
overly,0.0
overnight,0.0
overwhelming,0.0
privacy,0.0
override,0.0
overseas,0.0
prisoner,0.0
oversee,0.0
overshadow,0.0
oversight,0.0
overtime,0.0
prison sentence,0.0
prison,0.0
overturn,0.0
overwhelm,0.0
overreach,0.0
prestigious,0.0
palm,0.0
palm beach,0.0
press secretary,0.0
press report,0.0
pam,0.0
press release,0.0
pan,0.0
panama,0.0
press conference,0.0
pander,0.0
priest,0.0
panic,0.0
panther,0.0
presidential run,0.0
presidential race,0.0
presidential primary,0.0
paper,0.0
presidential nominee,0.0
paperwork,0.0
papua,0.0
par,0.0
para,0.0
parade,0.0
panel,0.0
priebus,0.0
pain,0.0
painful,0.0
pride,0.0
price,0.0
paint,0.0
prey,0.0
painting,0.0
previous,0.0
preview,0.0
prevention,0.0
pair,0.0
presumably,0.0
pakistan,0.0
pretty much,0.0
pretty good,0.0
pakistani,0.0
palace,0.0
pretext,0.0
pretend,0.0
palestine,0.0
presumptive republican,0.0
presumptive nominee,0.0
palestinian,0.0
palin,0.0
prevail,0.0
oregon,0.0
org,0.0
organ,0.0
organic,0.0
prominent,0.0
prolong,0.0
proliferation,0.0
organisation,0.0
projection,0.0
project veritas,0.0
organization say,0.0
oval,0.0
prohibition,0.0
prohibit,0.0
organizer,0.0
progress make,0.0
orientation,0.0
progress,0.0
programme,0.0
origin,0.0
original,0.0
originate,0.0
orlando,0.0
orleans,0.0
organize,0.0
proponent,0.0
prophet,0.0
opposed,0.0
opposite,0.0
properly,0.0
proper,0.0
opposition leader,0.0
opposition party,0.0
propel,0.0
oppression,0.0
prop,0.0
opt,0.0
promise make,0.0
optimistic,0.0
oral,0.0
proof,0.0
pronounce,0.0
prone,0.0
promptly,0.0
prompt,0.0
promotion,0.0
promising,0.0
orbit,0.0
orchestrate,0.0
ordinary,0.0
optimism,0.0
procedural,0.0
problematic,0.0
outcome election,0.0
outcry,0.0
outdated,0.0
outfit,0.0
outgo,0.0
outlaw,0.0
outline,0.0
outlook,0.0
outpost,0.0
output,0.0
profound,0.0
probation,0.0
outrageous,0.0
probable,0.0
outreach,0.0
probability,0.0
pro trump,0.0
pro life,0.0
outright,0.0
outsider,0.0
outspoken,0.0
outstanding,0.0
prize,0.0
outrage,0.0
profitable,0.0
orthodox,0.0
osama,0.0
oscar,0.0
profile,0.0
professor university,0.0
professor,0.0
professional,0.0
others say,0.0
prof,0.0
ought,0.0
ounce,0.0
procedure,0.0
production,0.0
oust,0.0
ouster,0.0
out,0.0
producer,0.0
produce,0.0
outbreak,0.0
proclaim,0.0
proceeds,0.0
outcome,0.0
proceeding,0.0
proceed,0.0
productive,0.0
trump name,0.0
trump national,0.0
trump need,0.0
trump never,0.0
trump new,0.0
trump nominee,0.0
trump november,0.0
security agency,0.0
trump order,0.0
trump organization,0.0
trump percent,0.0
trump pick,0.0
trump plan,0.0
trump point,0.0
trump policy,0.0
trump presidency,0.0
trump one,0.0
trump inauguration,0.0
trump issue,0.0
trump january,0.0
trump jr,0.0
trump know,0.0
trump last,0.0
trump late,0.0
trump lead,0.0
trump mr,0.0
trump likely,0.0
trump look,0.0
trump lose,0.0
trump make,0.0
trump may,0.0
trump meet,0.0
trump might,0.0
trump move,0.0
trump like,0.0
trump son,0.0
trump speak,0.0
trump speech,0.0
trump state,0.0
trump still,0.0
trump suggest,0.0
trump support,0.0
trump president,0.0
trump take,0.0
trump talk,0.0
trump tax,0.0
trump team,0.0
trump tell,0.0
trump think,0.0
trump threaten,0.0
trump top,0.0
trump supporter,0.0
trump presidential,0.0
trump promise,0.0
trump propose,0.0
trump put,0.0
trump racist,0.0
trump rally,0.0
trump really,0.0
trump recent,0.0
trump sign,0.0
trump repeatedly,0.0
trump republican,0.0
trump respond,0.0
trump right,0.0
trump run,0.0
trump russia,0.0
trump seem,0.0
trump show,0.0
trump remark,0.0
troll,0.0
trophy,0.0
trouble,0.0
troubled,0.0
truck,0.0
trudeau,0.0
truly,0.0
trump immigration,0.0
trump actually,0.0
trump add,0.0
trump administration,0.0
trump adviser,0.0
trump agenda,0.0
trump aide,0.0
trump already,0.0
trump announce,0.0
trump accuse,0.0
tree,0.0
tremendous,0.0
trial,0.0
tribal,0.0
tribe,0.0
tribunal,0.0
tribune,0.0
tribute,0.0
triumph,0.0
trickle,0.0
tried,0.0
trigger,0.0
trillion,0.0
trillion dollar,0.0
trip,0.0
triple,0.0
tripoli,0.0
trick,0.0
trump decision,0.0
trump elect,0.0
trump election,0.0
trump even,0.0
trump executive,0.0
trump expect,0.0
trump face,0.0
trump family,0.0
trump appear,0.0
trump fire,0.0
trump first,0.0
trump former,0.0
trump get,0.0
trump give,0.0
trump go,0.0
trump hillary,0.0
trump hold,0.0
trump fan,0.0
trump ask,0.0
trump associate,0.0
trump attack,0.0
trump become,0.0
trump big,0.0
trump business,0.0
trump cabinet,0.0
trump call,0.0
trump decide,0.0
trump candidacy,0.0
trump claim,0.0
trump clinton,0.0
trump come,0.0
trump comment,0.0
trump continue,0.0
trump could,0.0
trump cruz,0.0
trump campaign,0.0
umbrella,0.0
una,0.0
unable,0.0
unanimous,0.0
unanimously,0.0
unarmed,0.0
unauthorized,0.0
trump tower,0.0
unbelievable,0.0
uncertain,0.0
uncertainty,0.0
uncle,0.0
unclear whether,0.0
uncomfortable,0.0
unconstitutional,0.0
uncover,0.0
unaware,0.0
two woman,0.0
two year,0.0
tycoon,0.0
tyler,0.0
typical,0.0
tyranny,0.0
uae,0.0
uber,0.0
um,0.0
ufo,0.0
ugly,0.0
uh,0.0
uk,0.0
ukraine,0.0
ukrainian,0.0
ultimate,0.0
ultra,0.0
uc,0.0
unemployed,0.0
unemployment rate,0.0
unesco,0.0
unexpected,0.0
unexpectedly,0.0
unfair,0.0
unfairly,0.0
unfavorable,0.0
und,0.0
unfold,0.0
unfortunate,0.0
unfortunately,0.0
unhappy,0.0
unidentified,0.0
uniform,0.0
unify,0.0
unilateral,0.0
unfit,0.0
undecided,0.0
undercover,0.0
undercut,0.0
undergo,0.0
underground,0.0
underlie,0.0
undermine,0.0
underscore,0.0
undoubtedly,0.0
understanding,0.0
understands,0.0
understood,0.0
undertake,0.0
underway,0.0
undo,0.0
undocumented,0.0
undocumented immigrant,0.0
understand,0.0
try keep,0.0
try make,0.0
tsai,0.0
tucker,0.0
tucker carlson,0.0
tuesday morning,0.0
tuesday night,0.0
two week,0.0
tuesday trump,0.0
tuition,0.0
tumor,0.0
tune,0.0
tunisia,0.0
tunnel,0.0
turk,0.0
turkey,0.0
tuesday say,0.0
trump transition,0.0
trump travel,0.0
trump trump,0.0
trump try,0.0
trump tweet,0.0
trump twitter,0.0
trump university,0.0
trump use,0.0
try get,0.0
trump voter,0.0
trump vow,0.0
trump want,0.0
trump well,0.0
trump white,0.0
trump would,0.0
trump write,0.0
try find,0.0
trump visit,0.0
twitter user,0.0
two country,0.0
two day,0.0
two dozen,0.0
two hour,0.0
two leader,0.0
two major,0.0
two men,0.0
turkish,0.0
two party,0.0
two people,0.0
two republican,0.0
two side,0.0
two source,0.0
two state,0.0
two third,0.0
two three,0.0
two month,0.0
turkish president,0.0
turmoil,0.0
turn around,0.0
turn away,0.0
turn back,0.0
turnbull,0.0
turned,0.0
turner,0.0
twitter post,0.0
tusk,0.0
tv show,0.0
tweet trump,0.0
twenty,0.0
twice,0.0
twist,0.0
twitter account,0.0
twitter facebook,0.0
turnout,0.0
theresa may,0.0
thick,0.0
thiel,0.0
thin,0.0
thing do,0.0
thing get,0.0
thing go,0.0
treatment,0.0
thing like,0.0
thing say,0.0
thing trump,0.0
thing would,0.0
think could,0.0
think get,0.0
think go,0.0
think good,0.0
thing happen,0.0
textbook,0.0
th anniversary,0.0
th century,0.0
th circuit,0.0
th president,0.0
th street,0.0
thaad,0.0
thai,0.0
theresa,0.0
thank,0.0
thanks,0.0
thanksgiving,0.0
theft,0.0
theorist,0.0
theory,0.0
therapy,0.0
thereby,0.0
thailand,0.0
thought,0.0
thoughtful,0.0
thousand dollar,0.0
thousand people,0.0
thread,0.0
threatens,0.0
three day,0.0
think important,0.0
three four,0.0
three hour,0.0
three people,0.0
three time,0.0
three week,0.0
threshold,0.0
thrill,0.0
thrive,0.0
three decade,0.0
think need,0.0
think one,0.0
think people,0.0
think president,0.0
think say,0.0
think tank,0.0
think trump,0.0
think would,0.0
though trump,0.0
thinking,0.0
third party,0.0
third world,0.0
thirty,0.0
thomas,0.0
thompson,0.0
thorough,0.0
thoroughly,0.0
thinker,0.0
telephone interview,0.0
televise,0.0
tell breitbart,0.0
tell crowd,0.0
tell fox,0.0
tell go,0.0
tell nbc,0.0
text result,0.0
tell news,0.0
tell people,0.0
tell story,0.0
tell time,0.0
tell trump,0.0
tell truth,0.0
temer,0.0
temper,0.0
tell new,0.0
teach,0.0
teacher,0.0
teaching,0.0
team say,0.0
tear,0.0
tech company,0.0
technical,0.0
technically,0.0
telephone,0.0
technology,0.0
teen,0.0
teenage,0.0
teenager,0.0
teeth,0.0
tehran,0.0
tel,0.0
telegraph,0.0
technique,0.0
territorial,0.0
territory,0.0
terror,0.0
terror group,0.0
terrorist,0.0
terrorist group,0.0
terrorist organization,0.0
terrorists,0.0
temperament,0.0
tesla,0.0
testify,0.0
testimony,0.0
texan,0.0
texas,0.0
texas senator,0.0
text,0.0
text message,0.0
terry,0.0
temperature,0.0
temple,0.0
temporarily,0.0
ten million,0.0
ten thousand,0.0
ten year,0.0
tenant,0.0
tend,0.0
terrify,0.0
tennessee,0.0
tennis,0.0
tens,0.0
tense,0.0
tent,0.0
terminal,0.0
terminate,0.0
terrible,0.0
tendency,0.0
town hall,0.0
toxic,0.0
toy,0.0
tpp,0.0
trace,0.0
track,0.0
track record,0.0
throat,0.0
trade deficit,0.0
trade pact,0.0
trade policy,0.0
trademark,0.0
trader,0.0
trading,0.0
tradition,0.0
traditionally,0.0
trade deal,0.0
top democrat,0.0
top diplomat,0.0
top official,0.0
top priority,0.0
top secret,0.0
topple,0.0
torch,0.0
torn,0.0
tower,0.0
torture,0.0
toss,0.0
touch,0.0
tougher,0.0
tourism,0.0
tourist,0.0
tournament,0.0
tout,0.0
toronto,0.0
translation,0.0
transmission,0.0
transmit,0.0
transparency,0.0
transparent,0.0
transport,0.0
transportation,0.0
trap,0.0
tragedy,0.0
travel ban,0.0
traveler,0.0
treason,0.0
treasure,0.0
treasury,0.0
treasury department,0.0
treasury secretary,0.0
treat,0.0
trauma,0.0
tragic,0.0
trailer,0.0
train,0.0
trained,0.0
training,0.0
trait,0.0
traitor,0.0
trans pacific,0.0
transition team,0.0
transcript,0.0
transfer,0.0
transform,0.0
transformation,0.0
transgender,0.0
transgender people,0.0
transit,0.0
transition,0.0
transaction,0.0
tight,0.0
tighten,0.0
till,0.0
tillerson,0.0
tillerson say,0.0
tilt,0.0
tim,0.0
top aide,0.0
time around,0.0
time come,0.0
time get,0.0
time go,0.0
time magazine,0.0
time make,0.0
time many,0.0
time mr,0.0
tim kaine,0.0
throne,0.0
throughout,0.0
throughout campaign,0.0
throw,0.0
thrown,0.0
thrust,0.0
thug,0.0
thumb,0.0
tiger,0.0
thursday night,0.0
thursday say,0.0
thus far,0.0
thwart,0.0
tick,0.0
tide,0.0
tie russia,0.0
tier,0.0
thursday morning,0.0
title,0.0
tmsnrt,0.0
tobacco,0.0
toddler,0.0
toilet,0.0
tokyo,0.0
told reporter,0.0
told reuters,0.0
time one,0.0
toll,0.0
tom,0.0
tomorrow,0.0
ton,0.0
tone,0.0
tongue,0.0
tony,0.0
tool,0.0
tolerate,0.0
time president,0.0
time say,0.0
time since,0.0
time take,0.0
time time,0.0
time trump,0.0
time want,0.0
time warner,0.0
tissue,0.0
time would,0.0
time year,0.0
timeline,0.0
timing,0.0
timothy,0.0
tiny,0.0
tip,0.0
tired,0.0
time washington,0.0
woman march,0.0
woman right,0.0
woman say,0.0
wonderful,0.0
wong,0.0
wong getty,0.0
wood,0.0
unilaterally,0.0
work class,0.0
work closely,0.0
work family,0.0
work hard,0.0
work mr,0.0
work people,0.0
work say,0.0
work trump,0.0
wooden,0.0
winter,0.0
wipe,0.0
wire say,0.0
wiretap,0.0
wisdom,0.0
wise,0.0
wish,0.0
witch,0.0
woman child,0.0
withdraw,0.0
withdrawal,0.0
withhold,0.0
within day,0.0
within hour,0.0
witness,0.0
witness say,0.0
wolf,0.0
witch hunt,0.0
worship,0.0
worst,0.0
worth billion,0.0
worthy,0.0
would able,0.0
would accept,0.0
would allow,0.0
work well,0.0
would ask,0.0
would become,0.0
would better,0.0
would bring,0.0
would call,0.0
would change,0.0
would come,0.0
would consider,0.0
would also,0.0
worked,0.0
worker party,0.0
workforce,0.0
working,0.0
workplace,0.0
world bank,0.0
world large,0.0
world leader,0.0
worsen,0.0
world order,0.0
world power,0.0
world say,0.0
world trade,0.0
worldview,0.0
worldwide,0.0
worried,0.0
worse,0.0
world news,0.0
west bank,0.0
west virginia,0.0
west wing,0.0
whatsoever,0.0
wheel,0.0
whenever,0.0
whereas,0.0
winner,0.0
whether mr,0.0
whether trump,0.0
whether would,0.0
whine,0.0
whip,0.0
whistle,0.0
whistleblower,0.0
white male,0.0
wherever,0.0
week ago,0.0
week election,0.0
week later,0.0
week mr,0.0
week say,0.0
week trump,0.0
weekday eastern,0.0
weekly,0.0
well trump,0.0
weight,0.0
weinstein,0.0
weird,0.0
weld,0.0
welfare,0.0
well fargo,0.0
well know,0.0
well say,0.0
weigh,0.0
wife,0.0
wilbur,0.0
wild,0.0
wilder,0.0
wildlife,0.0
wildly,0.0
william,0.0
williams,0.0
white man,0.0
wilson,0.0
win election,0.0
win mcnamee,0.0
win presidency,0.0
win white,0.0
wind,0.0
window,0.0
wine,0.0
willing,0.0
white men,0.0
white nationalist,0.0
white people,0.0
white supremacist,0.0
white supremacy,0.0
white voter,0.0
white woman,0.0
whoever,0.0
wield,0.0
whole thing,0.0
wide,0.0
wide range,0.0
widely,0.0
widen,0.0
wider,0.0
widespread,0.0
widow,0.0
whole,0.0
abroad,0.0
abruptly,0.0
absence,0.0
absolute,0.0
absolutely,0.0
absorb,0.0
absurd,0.0
would continue,0.0
abusive,0.0
aca,0.0
academic,0.0
academy,0.0
accelerate,0.0
accent,0.0
accept,0.0
acceptable,0.0
abu,0.0
xi,0.0
xi jinping,0.0
xinhua,0.0
ya,0.0
yahoo,0.0
yale,0.0
yard,0.0
yates,0.0
abraham,0.0
year accord,0.0
year ago,0.0
year come,0.0
year earlier,0.0
year election,0.0
year end,0.0
abolish,0.0
abortion right,0.0
yeah,0.0
year president,0.0
year presidential,0.0
year prison,0.0
year say,0.0
year since,0.0
year term,0.0
year trump,0.0
year work,0.0
acceptance,0.0
year year,0.0
yell,0.0
yellen,0.0
yellow,0.0
yemen,0.0
yemeni,0.0
yet another,0.0
yiannopoulos,0.0
year would,0.0
access pipeline,0.0
accessible,0.0
accident,0.0
accidentally,0.0
accommodate,0.0
accommodation,0.0
accompany,0.0
aboard,0.0
year one,0.0
year include,0.0
year later,0.0
year long,0.0
year make,0.0
year mr,0.0
year new,0.0
able get,0.0
year office,0.0
year even,0.0
would keep,0.0
would know,0.0
would lead,0.0
would leave,0.0
would let,0.0
would like,0.0
would likely,0.0
xenophobic,0.0
would lose,0.0
would love,0.0
would make,0.0
would mean,0.0
would move,0.0
would need,0.0
would never,0.0
would pay,0.0
would look,0.0
would cost,0.0
would create,0.0
would cut,0.0
would end,0.0
would expect,0.0
would face,0.0
would find,0.0
would first,0.0
would increase,0.0
would get,0.0
would give,0.0
would go,0.0
would good,0.0
would happen,0.0
would help,0.0
would hold,0.0
would include,0.0
would force,0.0
would vote,0.0
would want,0.0
would win,0.0
would work,0.0
wrap,0.0
wreck,0.0
wrestle,0.0
wright,0.0
would prefer,0.0
write letter,0.0
write twitter,0.0
writer,0.0
writes,0.0
writing,0.0
wrongdoing,0.0
wyden,0.0
wyoming,0.0
write book,0.0
would probably,0.0
would provide,0.0
would put,0.0
would rather,0.0
would remain,0.0
would require,0.0
would run,0.0
would say,0.0
would use,0.0
would seek,0.0
would seem,0.0
would send,0.0
would still,0.0
would stop,0.0
would support,0.0
would take,0.0
would think,0.0
would see,0.0
venture,0.0
venue,0.0
verbal,0.0
verge,0.0
verify,0.0
veritas,0.0
vermont,0.0
weed,0.0
versus,0.0
vessel,0.0
vest,0.0
vet,0.0
veteran,0.0
veto,0.0
via chip,0.0
via flickr,0.0
version,0.0
vacuum,0.0
vague,0.0
valid,0.0
valuable,0.0
van,0.0
vanish,0.0
variety,0.0
various,0.0
venezuelan,0.0
vatican,0.0
vega,0.0
vegas,0.0
vegetable,0.0
vehicle,0.0
veil,0.0
vendor,0.0
venezuela,0.0
vast majority,0.0
videos,0.0
vienna,0.0
vietnam,0.0
vietnam war,0.0
vietnamese,0.0
view,0.0
viewer,0.0
via getty,0.0
vile,0.0
village,0.0
villager,0.0
vince,0.0
violate,0.0
violation,0.0
violence,0.0
violent,0.0
vigorously,0.0
via screen,0.0
via screengrab,0.0
via screenshot,0.0
via video,0.0
via youtube,0.0
viable,0.0
vice,0.0
vice president,0.0
video via,0.0
vicious,0.0
victim,0.0
victor,0.0
victoria,0.0
video donald,0.0
video post,0.0
video screen,0.0
video show,0.0
vice presidential,0.0
unnamed,0.0
unnecessary,0.0
unpaid,0.0
unprecedented,0.0
unpredictable,0.0
unqualified,0.0
unravel,0.0
vaccine,0.0
unrest,0.0
unstable,0.0
unsuccessful,0.0
unusual,0.0
unusually,0.0
unveil,0.0
unwanted,0.0
unwilling,0.0
unrelated,0.0
uninsured,0.0
unique,0.0
unit,0.0
unite nation,0.0
unite state,0.0
united arab,0.0
united kingdom,0.0
united nation,0.0
unlimited,0.0
universal,0.0
universe,0.0
university california,0.0
unknown,0.0
unlawful,0.0
unleash,0.0
unless,0.0
unlike,0.0
unity,0.0
use chemical,0.0
use force,0.0
use military,0.0
use private,0.0
use term,0.0
use word,0.0
used,0.0
useful,0.0
upcoming,0.0
usually,0.0
utah,0.0
utility,0.0
utter,0.0
utterly,0.0
va,0.0
vacancy,0.0
vacation,0.0
usher,0.0
update,0.0
upend,0.0
upgrade,0.0
upheld,0.0
uphold,0.0
upon,0.0
upper,0.0
uprising,0.0
usa today,0.0
ups,0.0
upside,0.0
uranium,0.0
urban,0.0
urged,0.0
urgency,0.0
urgent,0.0
us,0.0
uproar,0.0
warming,0.0
warner,0.0
warning,0.0
warplane,0.0
warrant,0.0
warren,0.0
warrior,0.0
violent crime,0.0
warship,0.0
wary,0.0
wash,0.0
washington dc,0.0
washington post,0.0
washington say,0.0
washington state,0.0
wasserman,0.0
warsaw,0.0
want say,0.0
want see,0.0
want take,0.0
want talk,0.0
want trump,0.0
wanted,0.0
war crime,0.0
war drug,0.0
warm,0.0
war iraq,0.0
war russia,0.0
war syria,0.0
war terror,0.0
war two,0.0
ward,0.0
warehouse,0.0
warfare,0.0
war ii,0.0
way say,0.0
way trump,0.0
wayne,0.0
weak,0.0
weaken,0.0
weakness,0.0
wealth,0.0
wealthy,0.0
wasserman schultz,0.0
weather,0.0
weaver,0.0
web,0.0
wed,0.0
wedding,0.0
wednesday morning,0.0
wednesday night,0.0
wednesday say,0.0
weapon program,0.0
waste,0.0
waste time,0.0
watch trump,0.0
watch video,0.0
watchdog,0.0
watched,0.0
water,0.0
water protector,0.0
way mean,0.0
waterboarding,0.0
watson,0.0
wave,0.0
way back,0.0
way get,0.0
way go,0.0
way life,0.0
way make,0.0
water supply,0.0
volkswagen,0.0
volume,0.0
voluntarily,0.0
voluntary,0.0
volunteer,0.0
von,0.0
vote clinton,0.0
want people,0.0
vote democrat,0.0
vote donald,0.0
vote favor,0.0
vote hillary,0.0
vote leave,0.0
vote machine,0.0
vote mr,0.0
vote need,0.0
vote count,0.0
violently,0.0
viral,0.0
virgin,0.0
virtual,0.0
virtually,0.0
virtue,0.0
virus,0.0
visa,0.0
volatile,0.0
visible,0.0
visit,0.0
visitor,0.0
visual,0.0
vital,0.0
vitamin,0.0
vocal,0.0
void,0.0
visas,0.0
waiver,0.0
walk away,0.0
walker,0.0
wall along,0.0
wall street,0.0
wallace,0.0
walmart,0.0
walsh,0.0
vote republican,0.0
wang,0.0
want give,0.0
want go,0.0
want hear,0.0
want keep,0.0
want know,0.0
want look,0.0
want make,0.0
walter,0.0
vote right,0.0
vote say,0.0
vote trump,0.0
vote would,0.0
voted,0.0
voter id,0.0
voter registration,0.0
voter say,0.0
waive,0.0
voucher,0.0
vp,0.0
vs,0.0
vulnerability,0.0
vulnerable,0.0
wade,0.0
wag,0.0
wait see,0.0
voting machine,0.0
sell,0.0
seller,0.0
selling,0.0
semi,0.0
semitic,0.0
semitism,0.0
sen bernie,0.0
tea party,0.0
sen ted,0.0
senate,0.0
senate arm,0.0
senate committee,0.0
senate confirmation,0.0
senate democrat,0.0
senate democratic,0.0
senate floor,0.0
sen marco,0.0
security threat,0.0
see happen,0.0
see many,0.0
see one,0.0
see people,0.0
see reuters,0.0
see story,0.0
see trump,0.0
self defense,0.0
seeker,0.0
seem like,0.0
seemingly,0.0
segment,0.0
segregation,0.0
seize,0.0
seizure,0.0
selection,0.0
seed,0.0
senior adviser,0.0
senior fellow,0.0
senior official,0.0
senior white,0.0
sensitivity,0.0
sent,0.0
sentiment,0.0
senate foreign,0.0
separate,0.0
separately,0.0
separation,0.0
sept attack,0.0
serbia,0.0
serf,0.0
sergeant,0.0
sergei,0.0
seoul,0.0
senate house,0.0
senate intelligence,0.0
senate judiciary,0.0
senate majority,0.0
senate race,0.0
senate republican,0.0
senate seat,0.0
senate vote,0.0
senior administration,0.0
senator bob,0.0
senator jeff,0.0
senator john,0.0
senator say,0.0
senator ted,0.0
send back,0.0
send letter,0.0
send message,0.0
senator bernie,0.0
scott walker,0.0
scottish,0.0
scout,0.0
scramble,0.0
scrap,0.0
scratch,0.0
scream,0.0
security service,0.0
screengrab,0.0
screening,0.0
screenshot,0.0
screw,0.0
script,0.0
scroll,0.0
scrutinize,0.0
scrutiny,0.0
screen capture,0.0
schedule,0.0
scheme,0.0
schiff,0.0
schmidt,0.0
scholar,0.0
scholarship,0.0
school district,0.0
school student,0.0
scott pruitt,0.0
schulz,0.0
schumer,0.0
schumer say,0.0
science,0.0
scientific,0.0
scope,0.0
score,0.0
scotland,0.0
schultz,0.0
secretary clinton,0.0
secretary defense,0.0
secretary general,0.0
secretary jim,0.0
secretary sean,0.0
secretive,0.0
secretly,0.0
sectarian,0.0
sdf,0.0
secular,0.0
security adviser,0.0
mr cruz,0.0
security clearance,0.0
security council,0.0
security force,0.0
security issue,0.0
security official,0.0
section,0.0
se,0.0
seal,0.0
sean,0.0
sean hannity,0.0
sean spicer,0.0
search,0.0
season,0.0
seat,0.0
secret service,0.0
sec,0.0
secession,0.0
second amendment,0.0
second large,0.0
second term,0.0
second time,0.0
secondary,0.0
secrecy,0.0
seattle,0.0
show mr,0.0
show percent,0.0
show sign,0.0
show support,0.0
show trump,0.0
showdown,0.0
shower,0.0
sergey,0.0
shrink,0.0
shrug,0.0
shut,0.0
shy,0.0
sibling,0.0
sick,0.0
sideline,0.0
sidewalk,0.0
shred,0.0
shinzo abe,0.0
ship,0.0
shipment,0.0
shit,0.0
shoe,0.0
shoot,0.0
shooter,0.0
shooting,0.0
show host,0.0
shore,0.0
short term,0.0
shortly,0.0
shot kill,0.0
shoulder,0.0
shout,0.0
shove,0.0
show clinton,0.0
shopping,0.0
sinai,0.0
since begin,0.0
since early,0.0
since election,0.0
since last,0.0
since president,0.0
since take,0.0
since trump,0.0
siege,0.0
singapore,0.0
singer,0.0
single market,0.0
single payer,0.0
sink,0.0
sioux,0.0
sir,0.0
sisi,0.0
sing,0.0
sight,0.0
sign executive,0.0
sign law,0.0
signal,0.0
signature,0.0
significance,0.0
silence,0.0
silent,0.0
sin,0.0
silicon valley,0.0
silly,0.0
silver,0.0
similarly,0.0
simon,0.0
simple,0.0
simpson,0.0
simultaneously,0.0
silicon,0.0
several month,0.0
several state,0.0
several time,0.0
several week,0.0
several year,0.0
severe,0.0
severely,0.0
shinzo,0.0
sexist,0.0
sexual,0.0
sexual abuse,0.0
sexual assault,0.0
sexual harassment,0.0
sexual misconduct,0.0
sexual orientation,0.0
sexual predator,0.0
sex marriage,0.0
serial,0.0
servant,0.0
serve president,0.0
server,0.0
service committee,0.0
service member,0.0
service say,0.0
session say,0.0
several day,0.0
set fire,0.0
setback,0.0
seth,0.0
setting,0.0
settle,0.0
settlement,0.0
seven year,0.0
seventh,0.0
set aside,0.0
sharpton,0.0
shatter,0.0
shed,0.0
sheer,0.0
sheet,0.0
sheikh,0.0
shelf,0.0
shell,0.0
sexually,0.0
sherman,0.0
shi,0.0
shi ite,0.0
shield,0.0
shift,0.0
shiite,0.0
shin,0.0
shine,0.0
shelter,0.0
sexually assault,0.0
sh,0.0
shade,0.0
shady,0.0
shake,0.0
shall,0.0
sham,0.0
shame,0.0
sharply,0.0
shanghai,0.0
shape,0.0
shapiro,0.0
share article,0.0
shareholder,0.0
sharia,0.0
sharif,0.0
sharp,0.0
shameful,0.0
santiago,0.0
santorum,0.0
santos,0.0
sap,0.0
sara,0.0
sarah,0.0
sarah palin,0.0
scene,0.0
sat,0.0
satan,0.0
satellite,0.0
satisfy,0.0
saturday night,0.0
saudi,0.0
saudi arabia,0.0
saudi lead,0.0
sarah sander,0.0
san bernardino,0.0
san diego,0.0
san francisco,0.0
san juan,0.0
san suu,0.0
sanction,0.0
sanction iran,0.0
sanction north,0.0
santa,0.0
sanctuary,0.0
sanctuary city,0.0
sand,0.0
sander campaign,0.0
sander say,0.0
sander supporter,0.0
sandwich,0.0
sandy,0.0
sanction russia,0.0
say change,0.0
say china,0.0
say clinton,0.0
say come,0.0
say comment,0.0
say company,0.0
say consider,0.0
saudis,0.0
say country,0.0
say court,0.0
say david,0.0
say decision,0.0
say democrat,0.0
say do,0.0
say donald,0.0
say dr,0.0
say could,0.0
savage,0.0
save,0.0
save life,0.0
saving,0.0
saw,0.0
say accord,0.0
say administration,0.0
say also,0.0
say case,0.0
say another,0.0
say anything,0.0
say ask,0.0
say attack,0.0
say believe,0.0
say bill,0.0
say call,0.0
say campaign,0.0
say american,0.0
russia china,0.0
russia hack,0.0
russia investigation,0.0
russia iran,0.0
russia probe,0.0
russia say,0.0
russia trump,0.0
samuel,0.0
russian foreign,0.0
russian government,0.0
russian hack,0.0
russian intelligence,0.0
russian interference,0.0
russian military,0.0
russian president,0.0
russians,0.0
russian ambassador,0.0
rudy giuliani,0.0
ruin,0.0
rule law,0.0
rule party,0.0
ruler,0.0
ruling,0.0
rumor,0.0
run away,0.0
russell,0.0
run election,0.0
run mate,0.0
run office,0.0
run president,0.0
runner donald,0.0
running,0.0
rural,0.0
rush,0.0
run country,0.0
safety,0.0
sail,0.0
sailor,0.0
saint,0.0
sake,0.0
salary,0.0
sale,0.0
saleh,0.0
rust,0.0
salman,0.0
salt,0.0
salute,0.0
salvador,0.0
sam,0.0
samantha,0.0
sample,0.0
samsung,0.0
sally,0.0
ruth,0.0
ryan,0.0
ryan say,0.0
sa,0.0
sabotage,0.0
sachs,0.0
sack,0.0
sacramento,0.0
safer,0.0
sacrifice,0.0
sad,0.0
saddam,0.0
saddam hussein,0.0
sadly,0.0
safe,0.0
safeguard,0.0
safely,0.0
sacred,0.0
say something,0.0
say source,0.0
say speech,0.0
say state,0.0
say still,0.0
say sunday,0.0
say support,0.0
say earlier,0.0
say talk,0.0
say telephone,0.0
say tell,0.0
say thing,0.0
say three,0.0
say thursday,0.0
say time,0.0
say trump,0.0
say take,0.0
say president,0.0
say press,0.0
say really,0.0
say receive,0.0
say recent,0.0
say refer,0.0
say report,0.0
say representative,0.0
say show,0.0
say right,0.0
say russian,0.0
say saturday,0.0
say saw,0.0
say say,0.0
say see,0.0
say senate,0.0
say senator,0.0
say republican,0.0
say word,0.0
say work,0.0
say year,0.0
say yes,0.0
scale,0.0
scalia,0.0
scalise,0.0
scam,0.0
say try,0.0
scar,0.0
scaramucci,0.0
scarborough,0.0
scare,0.0
scary,0.0
scathing,0.0
scatter,0.0
scenario,0.0
scan,0.0
say tuesday,0.0
say twitter,0.0
say two,0.0
say united,0.0
say use,0.0
say video,0.0
say vote,0.0
say want,0.0
say woman,0.0
say washington,0.0
say way,0.0
say wednesday,0.0
say week,0.0
say well,0.0
say whether,0.0
say white,0.0
say without,0.0
say wanted,0.0
say hop,0.0
say hope,0.0
say hoped,0.0
say house,0.0
say however,0.0
say important,0.0
say interview,0.0
say police,0.0
say john,0.0
say know,0.0
say last,0.0
say late,0.0
say law,0.0
say least,0.0
say let,0.0
say letter,0.0
say iran,0.0
say election,0.0
say email,0.0
say even,0.0
say expect,0.0
say feel,0.0
say felt,0.0
say find,0.0
say first,0.0
say hillary,0.0
say fox,0.0
say friday,0.0
say get,0.0
say give,0.0
say go,0.0
say good,0.0
say government,0.0
say group,0.0
say former,0.0
say need,0.0
say never,0.0
say new,0.0
say news,0.0
say north,0.0
say nothing,0.0
say obama,0.0
say official,0.0
say like,0.0
say one,0.0
say part,0.0
say party,0.0
say people,0.0
say percent,0.0
say phone,0.0
say plan,0.0
say point,0.0
say oh,0.0
say little,0.0
say long,0.0
say look,0.0
say lot,0.0
say make,0.0
say man,0.0
say many,0.0
say may,0.0
say much,0.0
say meeting,0.0
say michael,0.0
say might,0.0
say military,0.0
say monday,0.0
say move,0.0
say mr,0.0
say ms,0.0
say mean,0.0
substitute,0.0
subtle,0.0
suburb,0.0
suburban,0.0
subway,0.0
success,0.0
successful,0.0
sister,0.0
successor,0.0
suck,0.0
sudan,0.0
sudden,0.0
suddenly,0.0
sue,0.0
suffer,0.0
sufficient,0.0
successfully,0.0
stupidity,0.0
style,0.0
su,0.0
sub,0.0
subcommittee,0.0
submarine,0.0
submit,0.0
subpoena,0.0
substantive,0.0
subsequent,0.0
subsequently,0.0
subsidiary,0.0
subsidize,0.0
subsidy,0.0
substance,0.0
substantial,0.0
substantially,0.0
subscribe become,0.0
super tuesday,0.0
superdelegates,0.0
superior,0.0
supervise,0.0
supervision,0.0
supervisor,0.0
supplement,0.0
sugar,0.0
supply,0.0
support among,0.0
support clinton,0.0
support donald,0.0
support hillary,0.0
support mr,0.0
support president,0.0
support republican,0.0
supplier,0.0
suggestion,0.0
suicide,0.0
suicide bomber,0.0
suit,0.0
suite,0.0
sullivan,0.0
sum,0.0
summary,0.0
super pac,0.0
summit,0.0
summon,0.0
sun,0.0
sunday morning,0.0
sunday night,0.0
sunni,0.0
super,0.0
super bowl,0.0
summer,0.0
stifle,0.0
stimulus,0.0
sting,0.0
stir,0.0
stock,0.0
stock market,0.0
stockholm,0.0
stupid,0.0
stoke,0.0
stole,0.0
stomach,0.0
stone,0.0
stood,0.0
stop short,0.0
stop trump,0.0
storage,0.0
stockpile,0.0
steer,0.0
stein,0.0
stem,0.0
step,0.0
step aside,0.0
step forward,0.0
stephanopoulos,0.0
stephen,0.0
sticker,0.0
stereotype,0.0
sterling,0.0
stern,0.0
steven,0.0
steven mnuchin,0.0
stevens,0.0
stewart,0.0
stick,0.0
stephen bannon,0.0
stronghold,0.0
strongly,0.0
struck,0.0
structural,0.0
structure,0.0
stuck,0.0
student,0.0
studio,0.0
store,0.0
study find,0.0
study show,0.0
stuff,0.0
stumble,0.0
stump,0.0
stun,0.0
stunning,0.0
stunt,0.0
study,0.0
storm,0.0
straight,0.0
strain,0.0
strand,0.0
strange,0.0
stranger,0.0
strap,0.0
strategic,0.0
stroke,0.0
streep,0.0
strengthen,0.0
stress,0.0
strict,0.0
strictly,0.0
string,0.0
strip,0.0
strive,0.0
strategist,0.0
take responsibility,0.0
take seriously,0.0
take stand,0.0
take step,0.0
take street,0.0
take time,0.0
take trump,0.0
supporter say,0.0
take year,0.0
takeover,0.0
tale,0.0
talent,0.0
talented,0.0
taliban,0.0
talk point,0.0
talk radio,0.0
take twitter,0.0
take account,0.0
take action,0.0
take advantage,0.0
take aim,0.0
take away,0.0
take back,0.0
take care,0.0
take control,0.0
take power,0.0
take job,0.0
take long,0.0
take look,0.0
take money,0.0
take office,0.0
take one,0.0
take part,0.0
take position,0.0
take effect,0.0
tax bill,0.0
tax break,0.0
tax code,0.0
tax credit,0.0
tax cut,0.0
tax overhaul,0.0
tax plan,0.0
tax policy,0.0
talk say,0.0
tax return,0.0
taxation,0.0
taxi,0.0
taxpayer fund,0.0
taylor,0.0
tayyip,0.0
tayyip erdogan,0.0
tea,0.0
tax rate,0.0
talk show,0.0
talk trump,0.0
tall,0.0
tally,0.0
tampa,0.0
tank,0.0
tantrum,0.0
tap,0.0
taunt,0.0
tapper,0.0
targeted,0.0
tariff,0.0
task,0.0
task force,0.0
taste,0.0
tat,0.0
taught,0.0
tape,0.0
survival,0.0
survive,0.0
survivor,0.0
susan,0.0
susan collins,0.0
susan rice,0.0
suspend,0.0
taiwan,0.0
suspicion,0.0
suspicious,0.0
sustain,0.0
suu,0.0
suu kyi,0.0
swallow,0.0
swamp,0.0
swap,0.0
suspension,0.0
supportive,0.0
supposedly,0.0
suppress,0.0
suppression,0.0
supremacist,0.0
supremacy,0.0
surely,0.0
surface,0.0
surveillance,0.0
surgery,0.0
surpass,0.0
surplus,0.0
surprised,0.0
surprisingly,0.0
surrender,0.0
surrogate,0.0
surround,0.0
surgeon,0.0
symbolic,0.0
sympathetic,0.0
sympathy,0.0
symptom,0.0
syndrome,0.0
syria iraq,0.0
syria yemen,0.0
syrian army,0.0
sway,0.0
syrian president,0.0
systematic,0.0
systemic,0.0
table,0.0
tabloid,0.0
tackle,0.0
tactic,0.0
tactical,0.0
syrian government,0.0
swear,0.0
sweat,0.0
sweden,0.0
swedish,0.0
sweeping,0.0
sweet,0.0
swell,0.0
swift,0.0
symbol,0.0
swim,0.0
swimmer,0.0
swing state,0.0
swipe,0.0
swiss,0.0
switch,0.0
switzerland,0.0
sydney,0.0
swiftly,0.0
somodevilla,0.0
somodevilla getty,0.0
son,0.0
son law,0.0
song,0.0
soon possible,0.0
sooner,0.0
steep,0.0
sorry,0.0
sort,0.0
sought,0.0
soul,0.0
sound,0.0
sour,0.0
source close,0.0
source familiar,0.0
sophisticated,0.0
sole,0.0
solely,0.0
solicit,0.0
solid,0.0
solidarity,0.0
solve,0.0
solve problem,0.0
somali,0.0
somewhere,0.0
somebody,0.0
somehow,0.0
someone,0.0
someone else,0.0
something else,0.0
something like,0.0
sometime,0.0
somewhat,0.0
somalia,0.0
sow,0.0
space,0.0
spain,0.0
span,0.0
spanish,0.0
spar,0.0
spare,0.0
spark,0.0
source say,0.0
speak condition,0.0
speak reporter,0.0
speaker house,0.0
speaker paul,0.0
speaker ryan,0.0
speaking,0.0
speaks,0.0
spearhead,0.0
spd,0.0
source tell,0.0
south africa,0.0
south african,0.0
south china,0.0
south dakota,0.0
south korea,0.0
south korean,0.0
south sudan,0.0
soviet union,0.0
southeast asia,0.0
southern,0.0
southern border,0.0
southern california,0.0
southwest,0.0
sovereign,0.0
sovereignty,0.0
soviet,0.0
southeast,0.0
slam,0.0
slap,0.0
slash,0.0
slat,0.0
slate,0.0
slaughter,0.0
slave,0.0
solar,0.0
slice,0.0
slide,0.0
slight,0.0
slim,0.0
slip,0.0
slot,0.0
slowly,0.0
slur,0.0
slavery,0.0
sit president,0.0
site,0.0
sits,0.0
six month,0.0
six week,0.0
sixth,0.0
size,0.0
skeptic,0.0
skyrocket,0.0
skepticism,0.0
sketch,0.0
skill,0.0
skilled,0.0
skin,0.0
skip,0.0
skirt,0.0
sky,0.0
skeptical,0.0
snowden,0.0
snyder,0.0
soar,0.0
soccer,0.0
sochi,0.0
social democrat,0.0
social justice,0.0
social network,0.0
smack,0.0
socialism,0.0
socialist,0.0
socially,0.0
soda,0.0
soft,0.0
soften,0.0
software,0.0
soil,0.0
social security,0.0
small business,0.0
small group,0.0
small number,0.0
smartphone,0.0
smash,0.0
smear,0.0
smell,0.0
smile,0.0
snow,0.0
smoke,0.0
smooth,0.0
smuggle,0.0
smuggler,0.0
snap,0.0
snapchat,0.0
sniper,0.0
snl,0.0
smith,0.0
state federal,0.0
state go,0.0
state government,0.0
state hillary,0.0
state include,0.0
state john,0.0
state law,0.0
special,0.0
state like,0.0
state local,0.0
state make,0.0
state medium,0.0
state militant,0.0
state mr,0.0
state new,0.0
state news,0.0
state legislature,0.0
stand rock,0.0
standing,0.0
standoff,0.0
stanford,0.0
stanley,0.0
starbucks,0.0
stark,0.0
startle,0.0
state emergency,0.0
state accord,0.0
state also,0.0
state attorney,0.0
state clinton,0.0
state could,0.0
state country,0.0
state court,0.0
state election,0.0
starve,0.0
state vote,0.0
state want,0.0
state would,0.0
statement make,0.0
statement say,0.0
statement trump,0.0
statewide,0.0
station,0.0
state official,0.0
status quo,0.0
statute,0.0
staunch,0.0
stay home,0.0
steadily,0.0
steam,0.0
steel,0.0
steele,0.0
statue,0.0
state one,0.0
state own,0.0
state police,0.0
state president,0.0
state republican,0.0
state rex,0.0
state run,0.0
state say,0.0
state use,0.0
state senator,0.0
state since,0.0
state solution,0.0
state state,0.0
state take,0.0
state trump,0.0
state union,0.0
state university,0.0
state senate,0.0
spend much,0.0
spend time,0.0
spending,0.0
spending bill,0.0
spent,0.0
spew,0.0
sphere,0.0
stance,0.0
spicer say,0.0
spike,0.0
spill,0.0
spin,0.0
spiral,0.0
spirit,0.0
spiritual,0.0
spite,0.0
spicer,0.0
special counsel,0.0
special force,0.0
special interest,0.0
special operation,0.0
special prosecutor,0.0
specialist,0.0
specialize,0.0
specie,0.0
spend money,0.0
spectacle,0.0
spectacular,0.0
spectrum,0.0
speculate,0.0
speculation,0.0
speed,0.0
spencer,0.0
spend million,0.0
specify,0.0
square,0.0
squeeze,0.0
st century,0.0
st louis,0.0
stab,0.0
stability,0.0
stabilize,0.0
stable,0.0
split,0.0
stadium,0.0
staff member,0.0
staffer,0.0
stag,0.0
stagger,0.0
stake,0.0
stall,0.0
stamp,0.0
stack,0.0
spoke,0.0
spoken,0.0
spokesman say,0.0
spokesman sean,0.0
spokesperson,0.0
spokeswoman,0.0
spokeswoman say,0.0
sponsor,0.0
squad,0.0
spotlight,0.0
spouse,0.0
sprawl,0.0
spray,0.0
spread,0.0
spring,0.0
spur,0.0
spy,0.0
sport,0.0
could become,0.0
could come,0.0
could easily,0.0
could end,0.0
could face,0.0
could find,0.0
could get,0.0
make easy,0.0
could go,0.0
could happen,0.0
could help,0.0
could lead,0.0
could make,0.0
could possibly,0.0
could potentially,0.0
could reach,0.0
could give,0.0
corp,0.0
corporate medium,0.0
corporate tax,0.0
corps,0.0
correction,0.0
correctly,0.0
correctness,0.0
corrects,0.0
could also,0.0
correspondent,0.0
corridor,0.0
cosby,0.0
costly,0.0
costume,0.0
cotton,0.0
couch,0.0
cough,0.0
correspond,0.0
country say,0.0
country trump,0.0
country world,0.0
country would,0.0
county sheriff,0.0
coup attempt,0.0
courage,0.0
could say,0.0
court case,0.0
court decision,0.0
court document,0.0
court judge,0.0
court justice,0.0
court order,0.0
court rule,0.0
court ruling,0.0
court appeal,0.0
could see,0.0
could still,0.0
could take,0.0
could well,0.0
coulter,0.0
council resolution,0.0
counsel,0.0
counsel robert,0.0
country like,0.0
counter,0.0
counter terrorism,0.0
counterpart,0.0
counterterrorism,0.0
countless,0.0
country go,0.0
country illegally,0.0
country include,0.0
counselor,0.0
container,0.0
contaminate,0.0
contemplate,0.0
contemporary,0.0
contempt,0.0
contend,0.0
contender,0.0
cornyn,0.0
contention,0.0
contentious,0.0
contestant,0.0
context,0.0
continent,0.0
continental,0.0
continue work,0.0
continued,0.0
content,0.0
constant,0.0
constantly,0.0
constituency,0.0
constituent,0.0
constitute,0.0
constitution,0.0
constitutional right,0.0
construct,0.0
contact,0.0
constructive,0.0
consulate,0.0
consult,0.0
consultant,0.0
consultation,0.0
consume,0.0
consumer,0.0
consumption,0.0
construction,0.0
conyers,0.0
cool,0.0
cooper,0.0
cooperate,0.0
cooperation,0.0
coordinate,0.0
coordination,0.0
coordinator,0.0
contra,0.0
copy,0.0
copyright,0.0
corbyn,0.0
core,0.0
corey,0.0
corker,0.0
corn,0.0
corner,0.0
cope,0.0
contractor,0.0
contradict,0.0
contradiction,0.0
contribute,0.0
control congress,0.0
control house,0.0
control senate,0.0
convene,0.0
conway,0.0
conventional,0.0
convert,0.0
convey,0.0
convict,0.0
conviction,0.0
convince,0.0
convinced,0.0
convoy,0.0
convenience,0.0
cyber attack,0.0
cyber security,0.0
cycle,0.0
czech,0.0
da,0.0
daca,0.0
dad,0.0
court say,0.0
daily beast,0.0
daily news,0.0
dairy,0.0
dallas,0.0
dam,0.0
damaging,0.0
damascus,0.0
damn,0.0
daesh,0.0
cuomo,0.0
cup,0.0
curb,0.0
cure,0.0
curiel,0.0
curious,0.0
currency,0.0
current,0.0
cyber,0.0
curry,0.0
curse,0.0
curtail,0.0
custody,0.0
custom,0.0
custom enforcement,0.0
customer,0.0
cut tax,0.0
current former,0.0
davis,0.0
dawn,0.0
day ago,0.0
day day,0.0
day earlier,0.0
day election,0.0
day go,0.0
day later,0.0
dan,0.0
day office,0.0
day one,0.0
day president,0.0
day say,0.0
day trump,0.0
day week,0.0
de blasio,0.0
de facto,0.0
day mr,0.0
dana,0.0
dance,0.0
dancer,0.0
danger,0.0
dangerous,0.0
danish,0.0
dans,0.0
dare,0.0
david duke,0.0
das,0.0
dash,0.0
data show,0.0
database,0.0
date,0.0
date back,0.0
daughter ivanka,0.0
dave,0.0
darkness,0.0
creamer,0.0
create job,0.0
create new,0.0
creation,0.0
creative,0.0
creator,0.0
creature,0.0
cummings,0.0
credibility,0.0
credible,0.0
credit card,0.0
creditor,0.0
creepy,0.0
crimea,0.0
criminal,0.0
criminal charge,0.0
credential,0.0
courtesy,0.0
courthouse,0.0
courtroom,0.0
cousin,0.0
cover,0.0
covert,0.0
cow,0.0
coward,0.0
cream,0.0
cpac,0.0
crack,0.0
crackdown,0.0
craft,0.0
craig,0.0
crap,0.0
crash,0.0
crazy,0.0
cox,0.0
cruel,0.0
cruise,0.0
cruise missile,0.0
crumble,0.0
crush,0.0
cruz say,0.0
cruz texas,0.0
cry,0.0
criminal investigation,0.0
csu,0.0
cub,0.0
cuba,0.0
cuban,0.0
cult,0.0
cultivate,0.0
cultural,0.0
culture,0.0
crystal,0.0
criminal justice,0.0
cripple,0.0
crisis,0.0
criterion,0.0
critic say,0.0
critically,0.0
criticize trump,0.0
critique,0.0
crown prince,0.0
crook,0.0
crook hillary,0.0
crop,0.0
cross,0.0
cross border,0.0
crossing,0.0
crow,0.0
crown,0.0
crony,0.0
coast guard,0.0
coastal,0.0
coat,0.0
cocaine,0.0
cocktail,0.0
code,0.0
coffee,0.0
conspire,0.0
cohen,0.0
cohn,0.0
coin,0.0
coincide,0.0
coincidence,0.0
col,0.0
colbert,0.0
cold,0.0
cognitive,0.0
closing,0.0
closure,0.0
clothe,0.0
clothes,0.0
clothing,0.0
cloud,0.0
clown,0.0
club,0.0
coalition government,0.0
cluster,0.0
cnbc,0.0
cnn report,0.0
co founder,0.0
co host,0.0
coach,0.0
coal,0.0
coalition,0.0
clue,0.0
colony,0.0
color,0.0
colorado,0.0
columbia,0.0
columbus,0.0
combination,0.0
combine,0.0
come across,0.0
cold war,0.0
come back,0.0
come close,0.0
come day,0.0
come end,0.0
come fire,0.0
come forward,0.0
come home,0.0
come say,0.0
come amid,0.0
cole,0.0
colin,0.0
collaborate,0.0
collaboration,0.0
collapse,0.0
collar,0.0
collect,0.0
collection,0.0
colonial,0.0
collectively,0.0
college student,0.0
collins,0.0
collude,0.0
collusion,0.0
colombia,0.0
colombian,0.0
colonel,0.0
collective,0.0
clear whether,0.0
clearance,0.0
clearly,0.0
cleric,0.0
clerk,0.0
cleveland,0.0
clever,0.0
closet,0.0
client,0.0
cliff,0.0
climate change,0.0
climb,0.0
clinch,0.0
clinical,0.0
clinton administration,0.0
clinton aide,0.0
click,0.0
ck,0.0
cking,0.0
claim trump,0.0
clapper,0.0
clarify,0.0
clarity,0.0
clark,0.0
clarke,0.0
cleanse,0.0
classic,0.0
classification,0.0
classified information,0.0
classify information,0.0
classmate,0.0
classroom,0.0
clause,0.0
clean power,0.0
clash,0.0
clinton take,0.0
clinton tell,0.0
clinton trump,0.0
clinton use,0.0
clinton win,0.0
clinton would,0.0
clip,0.0
clock,0.0
clinton also,0.0
close door,0.0
close friend,0.0
close tie,0.0
closed,0.0
closed door,0.0
closely,0.0
closer,0.0
closest,0.0
close ally,0.0
clinton call,0.0
clinton could,0.0
clinton democratic,0.0
clinton donald,0.0
clinton email,0.0
clinton former,0.0
clinton go,0.0
clinton lead,0.0
clinton supporter,0.0
clinton percent,0.0
clinton presidency,0.0
clinton president,0.0
clinton presidential,0.0
clinton private,0.0
clinton run,0.0
clinton sander,0.0
clinton say,0.0
clinton make,0.0
confederate,0.0
confederate flag,0.0
conference call,0.0
confess,0.0
confidence,0.0
confident,0.0
confidential,0.0
come surprise,0.0
confirmation hearing,0.0
confirms,0.0
conflict interest,0.0
confront,0.0
confrontation,0.0
confuse,0.0
confusion,0.0
congo,0.0
confirmation,0.0
comprise,0.0
compromise,0.0
computer,0.0
conceal,0.0
concede,0.0
concentrate,0.0
concentration,0.0
concept,0.0
condolence,0.0
concert,0.0
concession,0.0
conclude,0.0
conclusion,0.0
concrete,0.0
condemn,0.0
condemnation,0.0
condition anonymity,0.0
concerned,0.0
consent,0.0
conservation,0.0
conservatism,0.0
conservative group,0.0
conservative party,0.0
conservative republican,0.0
conservatives,0.0
considerable,0.0
congratulate,0.0
consideration,0.0
considers,0.0
consist,0.0
consistent,0.0
consistently,0.0
consolidate,0.0
conspiracy,0.0
conspiracy theory,0.0
considerably,0.0
congratulation,0.0
congress say,0.0
congress would,0.0
congressional budget,0.0
congressional committee,0.0
congressional district,0.0
congressional leader,0.0
congressional republican,0.0
consensus,0.0
congresswoman,0.0
connecticut,0.0
connection,0.0
conquer,0.0
conscience,0.0
conscious,0.0
consciousness,0.0
consecutive,0.0
congressman,0.0
comment come,0.0
comment make,0.0
comment trump,0.0
commentary,0.0
commentator,0.0
commerce,0.0
commercial,0.0
comprehensive,0.0
commission say,0.0
commissioner,0.0
commit,0.0
commit crime,0.0
commitment,0.0
committed,0.0
committee member,0.0
committee say,0.0
commission,0.0
come time,0.0
come together,0.0
come trump,0.0
come united,0.0
come week,0.0
come year,0.0
comeback,0.0
comedian,0.0
commander chief,0.0
comey,0.0
comey say,0.0
comfort,0.0
comfortable,0.0
comic,0.0
coming,0.0
command,0.0
commander,0.0
comedy,0.0
compel,0.0
compensation,0.0
competition,0.0
competitive,0.0
competitor,0.0
compile,0.0
complain,0.0
complaint,0.0
commodity,0.0
complexity,0.0
compliance,0.0
complication,0.0
complicit,0.0
comply,0.0
component,0.0
compose,0.0
compound,0.0
complex,0.0
common,0.0
common core,0.0
common ground,0.0
common sense,0.0
commonly,0.0
communicate,0.0
communication director,0.0
communism,0.0
compassion,0.0
communist party,0.0
commute,0.0
company like,0.0
company say,0.0
comparable,0.0
compare,0.0
compare percent,0.0
comparison,0.0
communist,0.0
drum,0.0
drunk,0.0
dry,0.0
du,0.0
dual,0.0
dub,0.0
dubai,0.0
de la,0.0
dublin,0.0
duck,0.0
dude,0.0
due process,0.0
duke,0.0
dumb,0.0
dump,0.0
durst,0.0
dubious,0.0
drawn,0.0
dream,0.0
dreamer,0.0
drew,0.0
drift,0.0
drill,0.0
drilling,0.0
drink,0.0
drug dealer,0.0
drinking water,0.0
driven,0.0
driver,0.0
driver license,0.0
drone,0.0
drone strike,0.0
drove,0.0
drown,0.0
drinking,0.0
earth,0.0
earthquake,0.0
ease,0.0
easily,0.0
east jerusalem,0.0
easter,0.0
eastern europe,0.0
eastern ukraine,0.0
dust,0.0
ebola,0.0
economic development,0.0
economic growth,0.0
economic policy,0.0
economic sanction,0.0
economically,0.0
economics,0.0
economist,0.0
eat,0.0
dutch,0.0
duterte,0.0
dylan,0.0
dynamic,0.0
eager,0.0
eagle,0.0
ear,0.0
earlier day,0.0
earnings,0.0
earlier week,0.0
earlier year,0.0
early morning,0.0
early next,0.0
early voting,0.0
early year,0.0
earnest,0.0
earnest say,0.0
earlier month,0.0
district columbia,0.0
district court,0.0
district judge,0.0
distrust,0.0
disturb,0.0
ditch,0.0
dive,0.0
dramatically,0.0
diversity,0.0
divert,0.0
division,0.0
divisive,0.0
divorce,0.0
dmitry,0.0
doctor,0.0
doctrine,0.0
diverse,0.0
disrespectful,0.0
disrupt,0.0
disruption,0.0
dissent,0.0
dissident,0.0
dissolve,0.0
distance,0.0
distant,0.0
district attorney,0.0
distinction,0.0
distinguish,0.0
distort,0.0
distract,0.0
distraction,0.0
distress,0.0
distribution,0.0
district,0.0
distinct,0.0
double digit,0.0
double standard,0.0
doubt,0.0
doug,0.0
douglas,0.0
dow,0.0
down,0.0
download,0.0
documentary,0.0
downtown,0.0
dozen,0.0
dozens,0.0
draft,0.0
drain,0.0
drain swamp,0.0
drama,0.0
dramatic,0.0
downplay,0.0
documentation,0.0
dodd,0.0
dodd frank,0.0
dodge,0.0
domain,0.0
dominance,0.0
dominant,0.0
dominate,0.0
double,0.0
donna,0.0
donnell,0.0
doom,0.0
door,0.0
dope,0.0
dose,0.0
dossier,0.0
dot,0.0
donation,0.0
emmanuel macron,0.0
emotion,0.0
emotional,0.0
emotionally,0.0
empathy,0.0
emperor,0.0
emphasis,0.0
ecuador,0.0
empire,0.0
employ,0.0
employment,0.0
empower,0.0
empty,0.0
en el,0.0
enable,0.0
enact,0.0
emphasize,0.0
email investigation,0.0
email release,0.0
email scandal,0.0
email server,0.0
email show,0.0
emails,0.0
emanuel,0.0
embargo,0.0
emmanuel,0.0
embarrass,0.0
embarrassment,0.0
embassy,0.0
embed,0.0
embolden,0.0
emerge,0.0
emirate,0.0
emirates,0.0
embark,0.0
engagement,0.0
engine,0.0
engineer,0.0
engineering,0.0
english,0.0
enhance,0.0
enlist,0.0
enormous,0.0
enclave,0.0
enrique,0.0
enrol,0.0
enrollment,0.0
ensue,0.0
ensure,0.0
enter,0.0
enter country,0.0
enter united,0.0
enrich,0.0
encourage,0.0
encouraging,0.0
end day,0.0
end year,0.0
endanger,0.0
endeavor,0.0
endless,0.0
endorse trump,0.0
engage,0.0
endure,0.0
enemy,0.0
energize,0.0
energy,0.0
enforce,0.0
enforcement agency,0.0
enforcement officer,0.0
enforcement official,0.0
endorsement,0.0
eighth,0.0
either way,0.0
el,0.0
el salvador,0.0
elaborate,0.0
elder,0.0
elderly,0.0
email clinton,0.0
elect official,0.0
elect president,0.0
election campaign,0.0
election commission,0.0
election cycle,0.0
election day,0.0
election donald,0.0
election next,0.0
elect donald,0.0
ed,0.0
edge,0.0
edition,0.0
editor chief,0.0
educate,0.0
education,0.0
educational,0.0
edward,0.0
eight year,0.0
effective,0.0
effectively,0.0
effectiveness,0.0
efficiency,0.0
efficient,0.0
egg,0.0
ego,0.0
eight,0.0
effect,0.0
element,0.0
elementary,0.0
elementary school,0.0
elephant,0.0
elevate,0.0
eliminate,0.0
elimination,0.0
elites,0.0
election night,0.0
elizabeth warren,0.0
ellen,0.0
ellison,0.0
else,0.0
elsewhere,0.0
em,0.0
email account,0.0
email address,0.0
elizabeth,0.0
election november,0.0
election official,0.0
election result,0.0
election rig,0.0
election say,0.0
election season,0.0
election trump,0.0
election victory,0.0
electronic,0.0
election year,0.0
elector,0.0
electoral,0.0
electoral college,0.0
electoral vote,0.0
electric,0.0
electrical,0.0
electricity,0.0
election would,0.0
democratic convention,0.0
democratic lawmaker,0.0
democratic leader,0.0
democratic national,0.0
democratic nomination,0.0
democratic nominee,0.0
democratic party,0.0
disrespect,0.0
democratic primary,0.0
democratic rival,0.0
democratic senator,0.0
democratic voter,0.0
democrats,0.0
demographic,0.0
demonize,0.0
demonstration,0.0
democratic president,0.0
deliberate,0.0
deliberately,0.0
deliberation,0.0
delicate,0.0
delight,0.0
delivers,0.0
delivery,0.0
delta,0.0
democratic candidate,0.0
demand,0.0
demise,0.0
democrat hillary,0.0
democrat house,0.0
democrat republicans,0.0
democrat say,0.0
democrat senate,0.0
democrat would,0.0
delusional,0.0
deplorable,0.0
deplorables,0.0
deploy,0.0
deployment,0.0
deport,0.0
deposit,0.0
depress,0.0
depression,0.0
demonstrator,0.0
dept,0.0
depth,0.0
deputy attorney,0.0
deputy director,0.0
der,0.0
derail,0.0
descend,0.0
descent,0.0
deprive,0.0
den,0.0
denies,0.0
denmark,0.0
dennis,0.0
denounce,0.0
dent,0.0
denver,0.0
deny allegation,0.0
depict,0.0
department defense,0.0
department health,0.0
department homeland,0.0
department justice,0.0
department official,0.0
department spokesman,0.0
departure,0.0
dependent,0.0
depart,0.0
decency,0.0
decent,0.0
deception,0.0
decide whether,0.0
decided,0.0
decides,0.0
decision make,0.0
delhi,0.0
deck,0.0
declaration,0.0
declare war,0.0
decline say,0.0
decorate,0.0
decrease,0.0
decree,0.0
decry,0.0
decisive,0.0
deal iran,0.0
deal say,0.0
deal would,0.0
dealer,0.0
dealing,0.0
dean,0.0
dear,0.0
death penalty,0.0
decade ago,0.0
death toll,0.0
debbie,0.0
debbie wasserman,0.0
debris,0.0
debt ceiling,0.0
debunk,0.0
debut,0.0
dec,0.0
death threat,0.0
defense system,0.0
defensive,0.0
defer,0.0
defiance,0.0
deficit,0.0
define,0.0
deflect,0.0
defy,0.0
dedicate,0.0
deir,0.0
deir al,0.0
del,0.0
delaware,0.0
delay,0.0
delegate,0.0
delegation,0.0
delete,0.0
degree,0.0
deductible,0.0
deduction,0.0
deem,0.0
deep,0.0
deep state,0.0
deepen,0.0
default,0.0
defeat,0.0
defense spending,0.0
defence,0.0
defend trump,0.0
defendant,0.0
defender,0.0
defense intelligence,0.0
defense minister,0.0
defense ministry,0.0
defense secretary,0.0
defect,0.0
dirt,0.0
dirty,0.0
disability,0.0
disable,0.0
disabled,0.0
disadvantage,0.0
disagree,0.0
described,0.0
disappear,0.0
disappearance,0.0
disappoint,0.0
disappointed,0.0
disappointment,0.0
disaster,0.0
disastrous,0.0
disavow,0.0
disagreement,0.0
dignity,0.0
dimension,0.0
diminish,0.0
din,0.0
dinner,0.0
dioxide,0.0
dip,0.0
diplomacy,0.0
director national,0.0
diplomat say,0.0
diplomatic,0.0
dire,0.0
direction,0.0
directive,0.0
directly,0.0
director comey,0.0
director james,0.0
diplomat,0.0
dish,0.0
dishonest,0.0
dislike,0.0
dismay,0.0
dismissal,0.0
disney,0.0
disorder,0.0
disparage,0.0
discharge,0.0
dispatch,0.0
disperse,0.0
displace,0.0
display,0.0
disproportionately,0.0
dispute,0.0
disqualify,0.0
disregard,0.0
disparity,0.0
discipline,0.0
disclosure,0.0
discount,0.0
discourage,0.0
discourse,0.0
discover,0.0
discovery,0.0
discredit,0.0
disgust,0.0
discriminatory,0.0
discus,0.0
discuss,0.0
disdain,0.0
disease,0.0
disgrace,0.0
disgraceful,0.0
disguise,0.0
discriminate,0.0
destroyed,0.0
destruction,0.0
destructive,0.0
detail,0.0
detailed,0.0
detain,0.0
detainee,0.0
digital,0.0
detective,0.0
detention center,0.0
deter,0.0
deteriorate,0.0
determination,0.0
determine whether,0.0
detonate,0.0
detroit,0.0
detect,0.0
describes,0.0
description,0.0
desert,0.0
deserve,0.0
deserves,0.0
designate,0.0
designation,0.0
designer,0.0
destiny,0.0
desk,0.0
despair,0.0
desperate,0.0
desperately,0.0
despise,0.0
despite fact,0.0
destabilize,0.0
destination,0.0
desire,0.0
diamond,0.0
dianne,0.0
dick,0.0
dictate,0.0
dictator,0.0
dictatorship,0.0
died,0.0
diego,0.0
deutsche,0.0
diet,0.0
differ,0.0
different way,0.0
differently,0.0
difficult,0.0
difficulty,0.0
dig,0.0
digit,0.0
diesel,0.0
deutsche bank,0.0
devastate,0.0
devastation,0.0
develop,0.0
developer,0.0
development,0.0
device,0.0
devil,0.0
dialogue,0.0
devise,0.0
devos,0.0
devote,0.0
dhs,0.0
di,0.0
diabetes,0.0
diagnose,0.0
diagnosis,0.0
devin,0.0
approve,0.0
approximately,0.0
apps,0.0
ar,0.0
arabia,0.0
arabian,0.0
arabic,0.0
civilization,0.0
arch,0.0
architect,0.0
archive,0.0
arctic,0.0
area,0.0
arena,0.0
argentina,0.0
argentine,0.0
arbitration,0.0
appearance,0.0
applaud,0.0
applause,0.0
apple,0.0
applicant,0.0
application,0.0
applies,0.0
apply,0.0
approval rating,0.0
appointee,0.0
appointment,0.0
appreciate,0.0
apprentice,0.0
appropriate,0.0
appropriately,0.0
appropriation,0.0
approval,0.0
appoint,0.0
arrest warrant,0.0
arrival,0.0
arsenal,0.0
art,0.0
arthur,0.0
articulate,0.0
artificial,0.0
arguably,0.0
artist,0.0
ash,0.0
ashamed,0.0
asia,0.0
asia pacific,0.0
asian,0.0
aside,0.0
ask question,0.0
artillery,0.0
argument,0.0
arise,0.0
arizona,0.0
arkansas,0.0
arm force,0.0
arm service,0.0
armed,0.0
armor,0.0
array,0.0
around globe,0.0
around million,0.0
around percent,0.0
around time,0.0
around world,0.0
arpaio,0.0
arrange,0.0
arrangement,0.0
army,0.0
angle,0.0
angry,0.0
animal,0.0
ankara,0.0
ankara reuters,0.0
ann,0.0
ann coulter,0.0
appeal court,0.0
anne,0.0
annexation,0.0
announce plan,0.0
announce would,0.0
announcement,0.0
announces,0.0
annually,0.0
anonymity say,0.0
anna,0.0
amount money,0.0
amy,0.0
analyst say,0.0
analyze,0.0
anc,0.0
anchor,0.0
ancient,0.0
anderson,0.0
angerer,0.0
andrea,0.0
andy,0.0
angel,0.0
angela,0.0
angela merkel,0.0
angeles,0.0
angeles time,0.0
anger,0.0
anderson cooper,0.0
anxiety,0.0
anxious,0.0
anybody,0.0
anymore,0.0
anyone else,0.0
anything else,0.0
anything like,0.0
anytime,0.0
anonymous,0.0
anywhere,0.0
apart,0.0
apartment,0.0
apologize,0.0
apology,0.0
appal,0.0
apparatus,0.0
apparent,0.0
anyway,0.0
another example,0.0
answer question,0.0
anthony,0.0
anthony weiner,0.0
anti american,0.0
anti corruption,0.0
anti establishment,0.0
anti immigrant,0.0
antonio,0.0
anti semitic,0.0
anti semitism,0.0
anti trump,0.0
anticipate,0.0
antifa,0.0
antitrust,0.0
antonin,0.0
antonin scalia,0.0
anti muslim,0.0
baby,0.0
back forth,0.0
back home,0.0
back say,0.0
back trump,0.0
backdrop,0.0
backed,0.0
ask trump,0.0
backfire,0.0
background,0.0
background check,0.0
backing,0.0
backlash,0.0
bad guy,0.0
bad news,0.0
bad thing,0.0
backer,0.0
auto,0.0
automaker,0.0
automatic,0.0
automatically,0.0
autonomous,0.0
autonomy,0.0
avenue,0.0
avert,0.0
babis,0.0
await,0.0
awaken,0.0
aware,0.0
awareness,0.0
awful,0.0
awkward,0.0
ayatollah,0.0
ayotte,0.0
aviation,0.0
baltimore,0.0
ban muslim,0.0
banana,0.0
band,0.0
bang,0.0
bangladesh,0.0
bank,0.0
bank account,0.0
badge,0.0
banking,0.0
bankrupt,0.0
bankruptcy,0.0
banner,0.0
baptist,0.0
bar,0.0
barbara,0.0
barcelona,0.0
banker,0.0
badly,0.0
bag,0.0
baghdad,0.0
bahrain,0.0
bail,0.0
bailout,0.0
bait,0.0
bake,0.0
baltic,0.0
balance,0.0
baldwin,0.0
balkan,0.0
ball,0.0
ballistic,0.0
ballistic missile,0.0
balloon,0.0
ballot,0.0
baker,0.0
assign,0.0
assignment,0.0
assist,0.0
assistant,0.0
assistant secretary,0.0
associated,0.0
associated press,0.0
autism,0.0
assume,0.0
assumption,0.0
assurance,0.0
assure,0.0
astonish,0.0
asylum seeker,0.0
athlete,0.0
atlanta,0.0
association,0.0
ask whether,0.0
ask would,0.0
asked,0.0
asks,0.0
aspect,0.0
aspiration,0.0
aspire,0.0
assad,0.0
asset,0.0
assange,0.0
assassinate,0.0
assault,0.0
assemble,0.0
assembly,0.0
assert,0.0
assess,0.0
assessment,0.0
assailant,0.0
audit,0.0
auf,0.0
aug,0.0
aung,0.0
aung san,0.0
austerity,0.0
austin,0.0
australia,0.0
atlantic,0.0
austria,0.0
austrian,0.0
authentic,0.0
author,0.0
authoritarian,0.0
authority say,0.0
authorization,0.0
authorize,0.0
australian,0.0
atmosphere,0.0
atomic,0.0
atrocity,0.0
attach,0.0
attack say,0.0
attack trump,0.0
attacked,0.0
attempted,0.0
audio,0.0
attendee,0.0
attitude,0.0
attorney general,0.0
attorney office,0.0
attractive,0.0
attribute,0.0
au,0.0
auction,0.0
attendance,0.0
addition,0.0
additional,0.0
additionally,0.0
address issue,0.0
adequate,0.0
adhere,0.0
adjustment,0.0
amongst,0.0
administer,0.0
administration official,0.0
administration say,0.0
administration would,0.0
administrative,0.0
administrator,0.0
admiral,0.0
admiration,0.0
admin,0.0
across country,0.0
across nation,0.0
across state,0.0
act like,0.0
action take,0.0
actively,0.0
activism,0.0
activity,0.0
addiction,0.0
actress,0.0
actual,0.0
ad,0.0
adam,0.0
adam schiff,0.0
adapt,0.0
add would,0.0
addict,0.0
actor,0.0
advocacy,0.0
advocacy group,0.0
advocate,0.0
aerial,0.0
afd,0.0
affair,0.0
affair committee,0.0
affect,0.0
admire,0.0
affiliate,0.0
affiliation,0.0
affirm,0.0
afford,0.0
affordable,0.0
afghan,0.0
afghanistan,0.0
afraid,0.0
affected,0.0
admission,0.0
admit,0.0
admits,0.0
adopt,0.0
adoption,0.0
adult,0.0
advance,0.0
advanced,0.0
advisory,0.0
adventure,0.0
advertise,0.0
advertiser,0.0
advertising,0.0
advice,0.0
advise,0.0
adviser michael,0.0
adviser say,0.0
advantage,0.0
york state,0.0
year obama,0.0
young child,0.0
young girl,0.0
young man,0.0
young men,0.0
young people,0.0
across border,0.0
young woman,0.0
youth,0.0
youtube,0.0
ypg,0.0
zealand,0.0
zika,0.0
zika virus,0.0
zimbabwe,0.0
young voter,0.0
yorker,0.0
absent,0.0
zuma,0.0
aaron,0.0
abadi,0.0
abandon,0.0
abbas,0.0
abbott,0.0
york post,0.0
abc news,0.0
abdel,0.0
abdullah,0.0
abe,0.0
abedin,0.0
abide,0.0
york businessman,0.0
york city,0.0
abc,0.0
accumulate,0.0
accuracy,0.0
accurate,0.0
accurately,0.0
accusation,0.0
accuse trump,0.0
accuser,0.0
achievement,0.0
zinke,0.0
aclu,0.0
acosta,0.0
acquire,0.0
acquisition,0.0
acr,0.0
acre,0.0
acronym,0.0
across america,0.0
acid,0.0
zionist,0.0
zone,0.0
zor,0.0
zu,0.0
zuckerberg,0.0
accomplishment,0.0
accord court,0.0
accord new,0.0
accounting,0.0
accord one,0.0
accord people,0.0
accord report,0.0
accord source,0.0
accord statement,0.0
accordance,0.0
accountability,0.0
accountable,0.0
accord official,0.0
also suggest,0.0
also take,0.0
also tell,0.0
also use,0.0
also want,0.0
also work,0.0
alt right,0.0
africa,0.0
alternate,0.0
alternative,0.0
altogether,0.0
amass,0.0
amaze,0.0
amazing,0.0
amazon,0.0
ambassador,0.0
alter,0.0
also ask,0.0
also call,0.0
also claim,0.0
also come,0.0
also criticize,0.0
also find,0.0
also get,0.0
also give,0.0
also show,0.0
also include,0.0
also know,0.0
also make,0.0
also note,0.0
also point,0.0
also say,0.0
also see,0.0
also serve,0.0
also help,0.0
american official,0.0
american president,0.0
american public,0.0
american say,0.0
american voter,0.0
american woman,0.0
american worker,0.0
american would,0.0
ambassador united,0.0
ammon,0.0
ammunition,0.0
amnesty international,0.0
among many,0.0
among others,0.0
among republican,0.0
among thing,0.0
among white,0.0
americans,0.0
ambition,0.0
ambitious,0.0
ambulance,0.0
ambush,0.0
amend,0.0
amendment,0.0
amendment right,0.0
america first,0.0
american military,0.0
american citizen,0.0
american civil,0.0
american dream,0.0
american flag,0.0
american free,0.0
american health,0.0
american history,0.0
american job,0.0
america great,0.0
aide say,0.0
ail,0.0
ailes,0.0
air base,0.0
air force,0.0
air strike,0.0
airbnb,0.0
already know,0.0
airline,0.0
airplane,0.0
airport,0.0
airspace,0.0
airstrike,0.0
aisle,0.0
aka,0.0
al assad,0.0
aircraft carrier,0.0
african american,0.0
aftermath,0.0
afternoon,0.0
afterward,0.0
afterwards,0.0
ag,0.0
agency report,0.0
agency say,0.0
aid worker,0.0
aggression,0.0
aggressive,0.0
aggressively,0.0
agreement,0.0
agricultural,0.0
agriculture,0.0
ahmad,0.0
ahmed,0.0
agent,0.0
alike,0.0
alive,0.0
allah,0.0
allege russian,0.0
alleged,0.0
allegiance,0.0
allen,0.0
alliance,0.0
al gore,0.0
almost certainly,0.0
almost every,0.0
almost year,0.0
alone,0.0
along border,0.0
along way,0.0
alongside,0.0
alphabet,0.0
allocate,0.0
al nusra,0.0
al qaeda,0.0
al zor,0.0
alabama,0.0
alan,0.0
alarm,0.0
alaska,0.0
albeit,0.0
align,0.0
alcohol,0.0
alert,0.0
alex,0.0
alex jones,0.0
alex wong,0.0
alexander,0.0
ali,0.0
alienate,0.0
album,0.0
campaign trump,0.0
campaign would,0.0
campaigner,0.0
campbell,0.0
canal,0.0
cancellation,0.0
candidate donald,0.0
bare,0.0
candidate president,0.0
candidate say,0.0
candidate trump,0.0
candidate would,0.0
candy,0.0
cannabis,0.0
cannon,0.0
cap,0.0
candidate hillary,0.0
call new,0.0
call president,0.0
call trump,0.0
calm,0.0
cambodia,0.0
cambridge,0.0
camera,0.0
cameron,0.0
campaign trail,0.0
campaign event,0.0
campaign finance,0.0
campaign manager,0.0
campaign mr,0.0
campaign promise,0.0
campaign rally,0.0
campaign russia,0.0
campaign say,0.0
campaign chairman,0.0
caribbean,0.0
carl,0.0
carlos,0.0
carly,0.0
carly fiorina,0.0
carpet,0.0
carrier,0.0
carson,0.0
capability,0.0
carter,0.0
cartoon,0.0
carve,0.0
case involve,0.0
case say,0.0
casino,0.0
cast ballot,0.0
cast vote,0.0
cartel,0.0
capable,0.0
capacity,0.0
capitalism,0.0
capitalist,0.0
capitol,0.0
captain,0.0
caption,0.0
capture,0.0
cargo,0.0
carbon,0.0
carbon dioxide,0.0
carbon emission,0.0
card,0.0
cardinal,0.0
care act,0.0
careful,0.0
carefully,0.0
car,0.0
budget office,0.0
buffalo,0.0
buffett,0.0
build new,0.0
build wall,0.0
bulk,0.0
bull,0.0
call mr,0.0
bullshit,0.0
bully,0.0
bump,0.0
bunch,0.0
bundy,0.0
bureau,0.0
bureau investigation,0.0
bureaucracy,0.0
bullet,0.0
brooklyn,0.0
brotherhood,0.0
brought,0.0
brown,0.0
bruce,0.0
bruise,0.0
brush,0.0
brussels,0.0
budget deficit,0.0
brutal,0.0
brutality,0.0
brutally,0.0
brzezinski,0.0
bubble,0.0
buck,0.0
buddhist,0.0
buddy,0.0
brussels reuters,0.0
buying,0.0
buzz,0.0
buzzfeed,0.0
bypass,0.0
cabin,0.0
cabinet,0.0
cable,0.0
cable news,0.0
bureaucrat,0.0
cair,0.0
cairo,0.0
cake,0.0
calculate,0.0
calculation,0.0
calendar,0.0
calif,0.0
caliphate,0.0
cafe,0.0
burn,0.0
burr,0.0
burst,0.0
bury,0.0
bus,0.0
bush,0.0
bush administration,0.0
bush say,0.0
buyer,0.0
business leader,0.0
business owner,0.0
businessman,0.0
businessmen,0.0
bust,0.0
busy,0.0
butter,0.0
button,0.0
business interest,0.0
chicago,0.0
chicken,0.0
chief justice,0.0
chief say,0.0
chief staff,0.0
chief strategist,0.0
childhood,0.0
castro,0.0
chill,0.0
china,0.0
china russia,0.0
china say,0.0
china sea,0.0
chinese,0.0
chinese government,0.0
chinese president,0.0
chile,0.0
chart,0.0
charter,0.0
chase,0.0
chat,0.0
cheap,0.0
cheat,0.0
checker,0.0
checkpoint,0.0
chest,0.0
cheese,0.0
chef,0.0
chelsea,0.0
chelsea clinton,0.0
chemical,0.0
chemical weapon,0.0
cheney,0.0
cheryl,0.0
cheer,0.0
cigarette,0.0
cincinnati,0.0
circle,0.0
circuit,0.0
circuit court,0.0
circulate,0.0
circumstance,0.0
circus,0.0
chip,0.0
citizenship,0.0
city council,0.0
city mayor,0.0
city reuters,0.0
civic,0.0
civil liberty,0.0
civil war,0.0
civilian casualty,0.0
citizens,0.0
chip somodevilla,0.0
chocolate,0.0
choke,0.0
chomsky,0.0
chop,0.0
chorus,0.0
chose,0.0
chris christie,0.0
cia director,0.0
christie,0.0
christmas,0.0
christopher,0.0
chronic,0.0
chronicle,0.0
chuck schumer,0.0
chuck todd,0.0
church,0.0
christ,0.0
celebrate,0.0
celebration,0.0
cell,0.0
cell phone,0.0
cellphone,0.0
cement,0.0
cemetery,0.0
charm,0.0
censorship,0.0
census,0.0
cent,0.0
center leave,0.0
center right,0.0
central government,0.0
centrist,0.0
ceo,0.0
censor,0.0
casualty,0.0
cat,0.0
catalan,0.0
catalonia,0.0
catastrophe,0.0
catastrophic,0.0
catch,0.0
catholic church,0.0
ceiling,0.0
caught,0.0
caution,0.0
cautious,0.0
cbo,0.0
cbs news,0.0
cdc,0.0
cdu,0.0
ceasefire,0.0
cattle,0.0
chancellor angela,0.0
change mind,0.0
change say,0.0
change would,0.0
chant,0.0
chaos,0.0
chaotic,0.0
chapter,0.0
ceremony,0.0
characterize,0.0
charitable,0.0
charity,0.0
charles,0.0
charleston,0.0
charlie,0.0
charlotte,0.0
charlottesville,0.0
characteristic,0.0
certainly,0.0
certainty,0.0
certificate,0.0
certify,0.0
cfpb,0.0
chad,0.0
chaffetz,0.0
chain,0.0
chance win,0.0
chairman house,0.0
chairman senate,0.0
chairwoman,0.0
challenger,0.0
chamber,0.0
chamber commerce,0.0
champion,0.0
championship,0.0
chairman,0.0
best friend,0.0
best interest,0.0
best know,0.0
best way,0.0
bet,0.0
betray,0.0
betsy,0.0
brookings,0.0
better,0.0
beyonc,0.0
bharara,0.0
bias,0.0
bible,0.0
biblical,0.0
biden,0.0
big bank,0.0
betsy devos,0.0
bend,0.0
beneath,0.0
beneficial,0.0
beneficiary,0.0
benghazi,0.0
benjamin,0.0
benjamin netanyahu,0.0
bennett,0.0
besiege,0.0
bentley,0.0
berkeley,0.0
berlin,0.0
berlin reuters,0.0
bernardino,0.0
bernstein,0.0
beside,0.0
besides,0.0
bent,0.0
bin,0.0
bin laden,0.0
bind,0.0
biography,0.0
biological,0.0
bipartisan,0.0
bird,0.0
birth,0.0
big business,0.0
birth control,0.0
birthday,0.0
birther,0.0
bishop,0.0
bit ly,0.0
bitch,0.0
bite,0.0
bitter,0.0
birth certificate,0.0
big deal,0.0
big problem,0.0
bigot,0.0
bigoted,0.0
bigotry,0.0
bike,0.0
bilateral,0.0
bill clinton,0.0
billy,0.0
bill maher,0.0
bill pass,0.0
bill reilly,0.0
bill say,0.0
bill would,0.0
billboard,0.0
billion euro,0.0
billion year,0.0
bill hillary,0.0
baton rouge,0.0
batter,0.0
battery,0.0
battle,0.0
battlefield,0.0
battleground,0.0
battleground state,0.0
benchmark,0.0
bbc,0.0
beach,0.0
beacon,0.0
bean,0.0
beast,0.0
beaten,0.0
beautiful,0.0
beck,0.0
bay,0.0
bargain,0.0
barnier,0.0
barrage,0.0
barrel,0.0
barrier,0.0
barry,0.0
barzani,0.0
baseball,0.0
baton,0.0
bash,0.0
basic,0.0
basically,0.0
basket,0.0
basketball,0.0
bat,0.0
batch,0.0
bathroom,0.0
basement,0.0
beijing reuters,0.0
being,0.0
beirut,0.0
beirut reuters,0.0
belgian,0.0
belgium,0.0
belief,0.0
beliefs,0.0
become clear,0.0
believer,0.0
bell,0.0
belong,0.0
belongs,0.0
beloved,0.0
belt,0.0
ben,0.0
ben carson,0.0
believe trump,0.0
become first,0.0
become increasingly,0.0
become law,0.0
become member,0.0
become one,0.0
become president,0.0
becomes,0.0
bed,0.0
beijing,0.0
bee,0.0
beef,0.0
beer,0.0
beg,0.0
behave,0.0
behead,0.0
behind closed,0.0
behind scene,0.0
bedroom,0.0
brace,0.0
brady,0.0
branch,0.0
brand,0.0
brandon,0.0
brave,0.0
brazil,0.0
bizarre,0.0
brazilian,0.0
breach,0.0
bread,0.0
break law,0.0
break news,0.0
breakdown,0.0
breakfast,0.0
breakthrough,0.0
brazile,0.0
borrow,0.0
bos,0.0
bosnia,0.0
boss,0.0
bother,0.0
bottle,0.0
bottom,0.0
bottom line,0.0
boys,0.0
bound,0.0
boundary,0.0
bow,0.0
bowl,0.0
box,0.0
boy,0.0
boycott,0.0
boyfriend,0.0
bounce,0.0
bring back,0.0
brings,0.0
brink,0.0
british,0.0
british government,0.0
british prime,0.0
briton,0.0
broadcast,0.0
breast,0.0
broader,0.0
broadly,0.0
broadway,0.0
brock,0.0
broken,0.0
broker,0.0
bronx,0.0
brook,0.0
broaden,0.0
breath,0.0
breathe,0.0
breed,0.0
breitbart texas,0.0
brennan,0.0
brexit,0.0
brian,0.0
bribe,0.0
brilliant,0.0
brick,0.0
bridge,0.0
brief post,0.0
briefed,0.0
briefing,0.0
briefly,0.0
brigade,0.0
bright,0.0
bribery,0.0
blend,0.0
bless,0.0
blind,0.0
blm,0.0
bloc,0.0
blockade,0.0
blog,0.0
born,0.0
blood,0.0
bloodshed,0.0
bloody,0.0
bloom,0.0
bloomberg,0.0
blue,0.0
blueprint,0.0
blumenthal,0.0
blogger,0.0
black community,0.0
black live,0.0
black man,0.0
black men,0.0
black voter,0.0
black white,0.0
black woman,0.0
blacklist,0.0
bleed,0.0
blair,0.0
blank,0.0
blanket,0.0
blasio,0.0
blast,0.0
blatant,0.0
blatantly,0.0
blaze,0.0
blackmail,0.0
bombing,0.0
bone,0.0
bonus,0.0
boo,0.0
booker,0.0
boom,0.0
boost,0.0
boot,0.0
blunt,0.0
border,0.0
border mexico,0.0
border patrol,0.0
border security,0.0
border wall,0.0
bore,0.0
boris,0.0
boris johnson,0.0
booth,0.0
board member,0.0
boast,0.0
bob,0.0
bob corker,0.0
bobby,0.0
body,0.0
boeing,0.0
bogus,0.0
bomber,0.0
boiler,0.0
boiler room,0.0
boko,0.0
boko haram,0.0
bold,0.0
bolster,0.0
bolton,0.0
bomb,0.0
boil,0.0
km,0.0
km mile,0.0
knee,0.0
kneel,0.0
knew,0.0
knife,0.0
knight,0.0
enterprise,0.0
know exactly,0.0
know get,0.0
know go,0.0
know good,0.0
know know,0.0
know many,0.0
know much,0.0
know nothing,0.0
knock,0.0
killing,0.0
kilometer,0.0
kim,0.0
kim jong,0.0
kimmel,0.0
king,0.0
kirby,0.0
kirk,0.0
klux klan,0.0
kislyak,0.0
kiss,0.0
kissinger,0.0
kitchen,0.0
kkk,0.0
klan,0.0
klein,0.0
klux,0.0
kirkuk,0.0
krg,0.0
ku,0.0
ku klux,0.0
kuczynski,0.0
kurd,0.0
kurdish,0.0
kurdistan,0.0
know obamacare,0.0
kushner,0.0
kuwait,0.0
ky,0.0
kyi,0.0
kyle,0.0
la vega,0.0
lab,0.0
label,0.0
kurz,0.0
know one,0.0
know people,0.0
know say,0.0
know trump,0.0
know well,0.0
know whether,0.0
know would,0.0
knowledge,0.0
kosovo,0.0
koch,0.0
kong,0.0
korea,0.0
korea nuclear,0.0
korea say,0.0
korean,0.0
korean leader,0.0
korean peninsula,0.0
known,0.0
julian,0.0
julian assange,0.0
jump,0.0
juncker,0.0
junior,0.0
junk,0.0
jurisdiction,0.0
killer,0.0
jury,0.0
justice antonin,0.0
justice system,0.0
justification,0.0
justify,0.0
justin,0.0
kabul,0.0
kadzik,0.0
juror,0.0
joseph,0.0
josh,0.0
josh earnest,0.0
joshua,0.0
journal,0.0
journalism,0.0
journey,0.0
joy,0.0
juice,0.0
juan,0.0
judge,0.0
judge gorsuch,0.0
judgment,0.0
judicial,0.0
judicial watch,0.0
judiciary,0.0
judiciary committee,0.0
jr,0.0
kenneth,0.0
kentucky,0.0
kenya,0.0
kenyan,0.0
kenyatta,0.0
kept,0.0
kerr,0.0
kerry,0.0
kaepernick,0.0
kevin,0.0
keystone,0.0
khamenei,0.0
khan,0.0
kick,0.0
kidnap,0.0
kiev,0.0
kill least,0.0
kerry say,0.0
kaine,0.0
kansa,0.0
kansas,0.0
karen,0.0
karl,0.0
kate,0.0
kathy,0.0
katie,0.0
kennedy,0.0
keefe,0.0
keen,0.0
keep mind,0.0
keith,0.0
kelly,0.0
kellyanne,0.0
kellyanne conway,0.0
ken,0.0
katrina,0.0
lease,0.0
least five,0.0
least million,0.0
least one,0.0
least three,0.0
least two,0.0
leave behind,0.0
labor department,0.0
leave eu,0.0
leave european,0.0
leave office,0.0
leave right,0.0
leave wing,0.0
lebanese,0.0
lebanon,0.0
lecture,0.0
leave country,0.0
lawyer say,0.0
lay,0.0
layer,0.0
lazy,0.0
le,0.0
lead trump,0.0
leader chuck,0.0
leader kim,0.0
leap,0.0
leader nancy,0.0
leader say,0.0
leading,0.0
leaf,0.0
league,0.0
leak,0.0
lean,0.0
leaning,0.0
leader mitch,0.0
lender,0.0
length,0.0
lengthy,0.0
lepage,0.0
les,0.0
lesbian,0.0
less likely,0.0
less two,0.0
lee,0.0
let alone,0.0
let get,0.0
let go,0.0
let know,0.0
let say,0.0
letter say,0.0
level,0.0
leverage,0.0
lesson,0.0
leg,0.0
legacy,0.0
legal action,0.0
legal challenge,0.0
legal expert,0.0
legalize,0.0
legally,0.0
legend,0.0
lend,0.0
legislation would,0.0
legislative,0.0
legislator,0.0
legislature,0.0
legitimacy,0.0
legitimate,0.0
legs,0.0
lemon,0.0
legendary,0.0
large,0.0
large city,0.0
large number,0.0
large part,0.0
large scale,0.0
larry,0.0
las,0.0
lawsuit file,0.0
last day,0.0
last decade,0.0
last fall,0.0
last friday,0.0
last minute,0.0
last night,0.0
last november,0.0
last summer,0.0
lash,0.0
labor union,0.0
laboratory,0.0
labour,0.0
labour party,0.0
lack,0.0
laden,0.0
lady,0.0
lago,0.0
laptop,0.0
lake,0.0
lame,0.0
landmark,0.0
landscape,0.0
landslide,0.0
lane,0.0
language,0.0
lap,0.0
laid,0.0
launder,0.0
laura,0.0
lavish,0.0
lavrov,0.0
law allow,0.0
law firm,0.0
law order,0.0
law pass,0.0
last three,0.0
law require,0.0
law say,0.0
law school,0.0
law would,0.0
lawful,0.0
lawmaker say,0.0
lawn,0.0
lawrence,0.0
law professor,0.0
last time,0.0
last two,0.0
last weekend,0.0
late last,0.0
late night,0.0
late tuesday,0.0
lately,0.0
later say,0.0
laughter,0.0
latin,0.0
latin america,0.0
latin american,0.0
latino,0.0
latinos,0.0
latter,0.0
lauer,0.0
laugh,0.0
later year,0.0
institution,0.0
institutional,0.0
instruct,0.0
instruction,0.0
instructor,0.0
instrument,0.0
insufficient,0.0
jose,0.0
insurance company,0.0
insurer,0.0
insurgency,0.0
insurgent,0.0
intact,0.0
integrate,0.0
integration,0.0
integrity,0.0
insult,0.0
inquiry,0.0
insanity,0.0
insert,0.0
inside,0.0
insight,0.0
insistence,0.0
inspection,0.0
inspector general,0.0
institute,0.0
inspired,0.0
instability,0.0
instal,0.0
install,0.0
installation,0.0
instant,0.0
instantly,0.0
instinct,0.0
inspiration,0.0
intercept,0.0
intercontinental,0.0
interested,0.0
interesting,0.0
interestingly,0.0
interfere,0.0
interfere election,0.0
interference,0.0
intel,0.0
interim,0.0
interior minister,0.0
interior ministry,0.0
intern,0.0
international airport,0.0
international community,0.0
international law,0.0
internationally,0.0
interference election,0.0
intellectual,0.0
intellectual property,0.0
intelligence agency,0.0
intelligence committee,0.0
intelligence community,0.0
intelligence official,0.0
intelligence service,0.0
intelligent,0.0
interaction,0.0
intensify,0.0
intensity,0.0
intent,0.0
intention,0.0
intentional,0.0
intentionally,0.0
inter,0.0
interact,0.0
intense,0.0
india,0.0
indian,0.0
indianapolis,0.0
indication,0.0
indicator,0.0
indict,0.0
indictment,0.0
input,0.0
indonesia,0.0
indonesian,0.0
industrial,0.0
industry,0.0
inequality,0.0
inevitable,0.0
inevitably,0.0
infamous,0.0
indigenous,0.0
include two,0.0
inclusion,0.0
inclusive,0.0
income tax,0.0
incoming,0.0
incompetent,0.0
incorporate,0.0
incorrect,0.0
index,0.0
increased,0.0
incredible,0.0
incredibly,0.0
incumbent,0.0
indefinitely,0.0
independence referendum,0.0
independent,0.0
independently,0.0
increase number,0.0
inherit,0.0
initially,0.0
initiate,0.0
initiative,0.0
inject,0.0
injunction,0.0
injure,0.0
injured,0.0
infant,0.0
injustice,0.0
inmate,0.0
inner,0.0
inner circle,0.0
inner city,0.0
innocent,0.0
innocent people,0.0
innovation,0.0
injury,0.0
infect,0.0
infection,0.0
infiltrate,0.0
inflammatory,0.0
inflation,0.0
inflict,0.0
influence,0.0
influence election,0.0
inherent,0.0
info,0.0
informal,0.0
informant,0.0
informed,0.0
infowars,0.0
infuriate,0.0
ing,0.0
ingredient,0.0
influx,0.0
jar kushner,0.0
jason,0.0
jason chaffetz,0.0
jay,0.0
jean,0.0
jeff,0.0
jeff session,0.0
interpret,0.0
jeffrey,0.0
jenner,0.0
jennifer,0.0
jeopardize,0.0
jeremy,0.0
jersey,0.0
jersey governor,0.0
jerusalem capital,0.0
jefferson,0.0
item,0.0
ivanka,0.0
ivanka trump,0.0
jab,0.0
jack,0.0
jacket,0.0
jackson,0.0
jacob,0.0
jar,0.0
jake tapper,0.0
jam,0.0
james,0.0
jamie,0.0
jane,0.0
janet,0.0
japan,0.0
japanese,0.0
jake,0.0
john boehner,0.0
john kasich,0.0
john kelly,0.0
john kennedy,0.0
john kerry,0.0
john podesta,0.0
johnson,0.0
johnson say,0.0
jerusalem israel,0.0
joint statement,0.0
joke,0.0
jon,0.0
jonathan,0.0
jones,0.0
jong,0.0
jong un,0.0
jordan,0.0
joint,0.0
jesse,0.0
jessica,0.0
jesus,0.0
jesus christ,0.0
jew,0.0
jfk,0.0
jihad,0.0
jihadist,0.0
joel,0.0
jill stein,0.0
jim,0.0
jim mattis,0.0
jimmy,0.0
jimmy carter,0.0
jinping,0.0
joe,0.0
joe biden,0.0
jill,0.0
investigation hillary,0.0
investigation say,0.0
investigative,0.0
investment,0.0
invisible,0.0
invitation,0.0
invite,0.0
ite,0.0
involve,0.0
involved,0.0
involvement,0.0
iowa caucus,0.0
iphone,0.0
ipsos,0.0
ipsos poll,0.0
iran deal,0.0
invoke,0.0
interpretation,0.0
interrogation,0.0
interrupt,0.0
intervene,0.0
intervention,0.0
interview fox,0.0
interviewer,0.0
intimate,0.0
investigation clinton,0.0
intimidation,0.0
intrigue,0.0
introduce,0.0
introduction,0.0
invade,0.0
invasion,0.0
invent,0.0
investigate,0.0
intimidate,0.0
islamic terrorism,0.0
islamist militant,0.0
islamophobia,0.0
island,0.0
isolate,0.0
isolated,0.0
isolation,0.0
israel capital,0.0
iran nuclear,0.0
israeli prime,0.0
issue include,0.0
issue like,0.0
issue statement,0.0
ist,0.0
istanbul,0.0
italian,0.0
italy,0.0
israeli palestinian,0.0
iraq afghanistan,0.0
iraq war,0.0
iraqi force,0.0
iraqi government,0.0
ireland,0.0
irish,0.0
irma,0.0
iron,0.0
islamabad,0.0
ironically,0.0
irony,0.0
irregularity,0.0
irrelevant,0.0
irresponsible,0.0
irs,0.0
isis,0.0
islam,0.0
ironic,0.0
menu,0.0
mercury,0.0
mercy,0.0
mere,0.0
merely,0.0
merge,0.0
merger,0.0
levin,0.0
merkel,0.0
merkel say,0.0
merrick,0.0
merrick garland,0.0
merrill,0.0
mess,0.0
metal,0.0
meter,0.0
merit,0.0
member party,0.0
member say,0.0
member senate,0.0
member state,0.0
member trump,0.0
member tv,0.0
membership,0.0
meme,0.0
mentor,0.0
memoir,0.0
memorial,0.0
men woman,0.0
menace,0.0
mental,0.0
mental health,0.0
mentality,0.0
mentally,0.0
memo,0.0
middle east,0.0
middle eastern,0.0
midnight,0.0
midst,0.0
midterm,0.0
might want,0.0
might well,0.0
mike,0.0
metro,0.0
mile,0.0
mile away,0.0
militant,0.0
militant group,0.0
military action,0.0
military base,0.0
military force,0.0
military official,0.0
mike huckabee,0.0
metropolitan,0.0
mexican border,0.0
mexico,0.0
mexico border,0.0
mexico city,0.0
mexico pay,0.0
miami,0.0
mic,0.0
middle class,0.0
michael flynn,0.0
michael moore,0.0
michel,0.0
michelle obama,0.0
microcephaly,0.0
microphone,0.0
microsoft,0.0
mid,0.0
mich,0.0
may well,0.0
mcauliffe,0.0
mccabe,0.0
mccain,0.0
mccain say,0.0
mccarthy,0.0
mcconnell,0.0
member parliament,0.0
mccrory,0.0
mcdonald,0.0
mcmaster,0.0
mcmullin,0.0
mcnamee,0.0
meal,0.0
meaning,0.0
meaningful,0.0
mcconnell say,0.0
mate,0.0
mateen,0.0
material,0.0
math,0.0
matt,0.0
matter movement,0.0
matter say,0.0
matthew,0.0
may take,0.0
mattis say,0.0
max,0.0
maximum,0.0
maxine,0.0
maxine water,0.0
may also,0.0
may say,0.0
may seem,0.0
mattis,0.0
medium outlet,0.0
medium report,0.0
medium say,0.0
meet,0.0
meet president,0.0
meet press,0.0
meet trump,0.0
meeting trump,0.0
meant,0.0
megyn,0.0
megyn kelly,0.0
melania,0.0
melania trump,0.0
melissa,0.0
melt,0.0
meltdown,0.0
member house,0.0
mega,0.0
meantime,0.0
meanwhile,0.0
measure would,0.0
meat,0.0
mechanism,0.0
medal,0.0
meddle,0.0
meddle election,0.0
medium coverage,0.0
median,0.0
medicaid,0.0
medical care,0.0
medical center,0.0
medicare,0.0
medication,0.0
meditation,0.0
mediterranean,0.0
meddling,0.0
monitoring,0.0
monkey,0.0
monopoly,0.0
monster,0.0
montana,0.0
month ago,0.0
month later,0.0
military operation,0.0
month trump,0.0
month year,0.0
monthly,0.0
monument,0.0
mood,0.0
mook,0.0
moon,0.0
moore,0.0
month say,0.0
modi,0.0
modify,0.0
mogul,0.0
mohamed,0.0
mohammad,0.0
mohammed,0.0
moines,0.0
mold,0.0
monitor,0.0
momentum,0.0
mon,0.0
monday morning,0.0
monday night,0.0
monday say,0.0
monetary,0.0
money launder,0.0
monica,0.0
mom,0.0
mountain,0.0
mouth,0.0
move away,0.0
move embassy,0.0
move forward,0.0
move quickly,0.0
move toward,0.0
move would,0.0
moral,0.0
mr ailes,0.0
mr assad,0.0
mr bannon,0.0
mr bush,0.0
mr castro,0.0
mr christie,0.0
mr clinton,0.0
mr comey,0.0
mp,0.0
morale,0.0
morality,0.0
morally,0.0
moreno,0.0
moreover,0.0
morgan,0.0
morning joe,0.0
morocco,0.0
mount,0.0
mortgage,0.0
mosque,0.0
mosquito,0.0
motif,0.0
motion,0.0
motivate,0.0
motive,0.0
motor,0.0
moron,0.0
minimum wage,0.0
mining,0.0
minister benjamin,0.0
minister say,0.0
minister sergei,0.0
minister shinzo,0.0
minister theresa,0.0
modest,0.0
ministry spokesman,0.0
minneapolis,0.0
minnesota,0.0
minor,0.0
minority,0.0
minority leader,0.0
minority voter,0.0
miracle,0.0
ministry say,0.0
military say,0.0
military spending,0.0
militia,0.0
milk,0.0
mill,0.0
millennials,0.0
miller,0.0
million american,0.0
minimize,0.0
million people,0.0
million vote,0.0
million year,0.0
millionaire,0.0
milo,0.0
milwaukee,0.0
miner,0.0
mineral,0.0
million illegal,0.0
mitch mcconnell,0.0
mitchell,0.0
mix,0.0
mixed,0.0
mnangagwa,0.0
mnuchin,0.0
mnuchin say,0.0
mo,0.0
mirror,0.0
mobil,0.0
mobile,0.0
mobilize,0.0
mode,0.0
moderate republican,0.0
moderator,0.0
modern,0.0
modernize,0.0
mob,0.0
misconduct,0.0
misdemeanor,0.0
misguide,0.0
mishandle,0.0
mislead,0.0
misogynist,0.0
misogyny,0.0
miss,0.0
mit,0.0
missile defense,0.0
missile launch,0.0
missile program,0.0
missile test,0.0
mission,0.0
mississippi,0.0
mistake,0.0
misuse,0.0
missile,0.0
long range,0.0
long run,0.0
long stand,0.0
long term,0.0
long time,0.0
long way,0.0
longstanding,0.0
match,0.0
look back,0.0
look good,0.0
look way,0.0
loom,0.0
loophole,0.0
loose,0.0
loosen,0.0
loot,0.0
longtime,0.0
local police,0.0
locate,0.0
location,0.0
lock,0.0
locker,0.0
locker room,0.0
lockheed,0.0
lodge,0.0
long list,0.0
logic,0.0
logical,0.0
logo,0.0
london reuters,0.0
lone,0.0
long ago,0.0
long history,0.0
long island,0.0
log,0.0
low house,0.0
low income,0.0
low level,0.0
low tax,0.0
lower,0.0
loyal,0.0
loyalist,0.0
loyalty,0.0
lopez,0.0
ltd,0.0
lu,0.0
luck,0.0
lucky,0.0
lucrative,0.0
luis,0.0
lunch,0.0
lung,0.0
lt,0.0
lord,0.0
loretta,0.0
loretta lynch,0.0
los angeles,0.0
lose election,0.0
lose job,0.0
loser,0.0
lot money,0.0
low court,0.0
lot thing,0.0
lot time,0.0
loud,0.0
loudly,0.0
louis,0.0
louisiana,0.0
love one,0.0
lover,0.0
lot people,0.0
libyan,0.0
license,0.0
lieutenant,0.0
lieutenant general,0.0
life say,0.0
lifelong,0.0
lifestyle,0.0
local official,0.0
lift,0.0
like donald,0.0
like get,0.0
like go,0.0
like many,0.0
like mr,0.0
like one,0.0
like people,0.0
lifetime,0.0
levy,0.0
lewandowski,0.0
lewinsky,0.0
lewis,0.0
lgbt,0.0
lgbt community,0.0
lgbtq,0.0
li,0.0
libya,0.0
liar,0.0
liberal medium,0.0
liberalism,0.0
liberate,0.0
liberation,0.0
liberty,0.0
liberty union,0.0
library,0.0
liability,0.0
liquid,0.0
lisa,0.0
listen,0.0
listener,0.0
literature,0.0
litigation,0.0
little bit,0.0
little girl,0.0
like say,0.0
living,0.0
lo,0.0
loan,0.0
lobby,0.0
lobbying,0.0
lobbyist,0.0
local government,0.0
local medium,0.0
live matter,0.0
like see,0.0
like trump,0.0
like want,0.0
likelihood,0.0
likely voter,0.0
liken,0.0
likewise,0.0
limbaugh,0.0
lip,0.0
limited,0.0
lincoln,0.0
linda,0.0
lindsey,0.0
lindsey graham,0.0
linger,0.0
linkedin,0.0
lion,0.0
limitation,0.0
manual,0.0
manuel,0.0
manufacture,0.0
manufacturer,0.0
manufacturing,0.0
many american,0.0
many case,0.0
lure,0.0
many many,0.0
many others,0.0
many people,0.0
many republican,0.0
many state,0.0
many thing,0.0
many time,0.0
many way,0.0
many country,0.0
man make,0.0
man say,0.0
manafort,0.0
manage,0.0
management,0.0
manager,0.0
manchester,0.0
manchin,0.0
mansion,0.0
mandatory,0.0
maneuver,0.0
manhattan,0.0
manifest,0.0
manila,0.0
manipulate,0.0
manipulation,0.0
manner,0.0
mandate,0.0
marshall,0.0
martha,0.0
martial,0.0
martial law,0.0
martin,0.0
martin luther,0.0
martinez,0.0
marvel,0.0
many year,0.0
mary,0.0
mask,0.0
mason,0.0
mass shoot,0.0
mass shooting,0.0
massachusetts,0.0
massacre,0.0
master,0.0
marxist,0.0
map,0.0
mar,0.0
mar lago,0.0
marathon,0.0
marawi,0.0
marc,0.0
margaret,0.0
margin,0.0
marshal,0.0
marijuana,0.0
marine,0.0
maritime,0.0
marketing,0.0
marketplace,0.0
marlow,0.0
married,0.0
marry,0.0
maria,0.0
maher,0.0
main,0.0
maine,0.0
mainland,0.0
mainly,0.0
maintain,0.0
maintenance,0.0
malta,0.0
majority american,0.0
majority country,0.0
majority leader,0.0
make america,0.0
make big,0.0
make case,0.0
make change,0.0
make comment,0.0
major party,0.0
luther,0.0
luther king,0.0
luxury,0.0
ly,0.0
lynch,0.0
lyric,0.0
macri,0.0
mad,0.0
magnitude,0.0
madison,0.0
madrid,0.0
maduro,0.0
mafia,0.0
maga,0.0
magazine,0.0
magic,0.0
magnate,0.0
maddow,0.0
make public,0.0
make sense,0.0
make statement,0.0
make thing,0.0
make trump,0.0
make way,0.0
maker,0.0
makeup,0.0
make deal,0.0
malaysia,0.0
malaysian,0.0
malcolm,0.0
male,0.0
mali,0.0
malik,0.0
mall,0.0
malley,0.0
making,0.0
make decision,0.0
make difference,0.0
make difficult,0.0
accomplish,0.0
make feel,0.0
make first,0.0
make fun,0.0
make good,0.0
make progress,0.0
make hard,0.0
make look,0.0
make mistake,0.0
make money,0.0
make much,0.0
make one,0.0
make people,0.0
make point,0.0
make great,0.0
flop,0.0
florida governor,0.0
flow,0.0
flower,0.0
focused,0.0
foe,0.0
foil,0.0
include one,0.0
folk,0.0
follower,0.0
food stamp,0.0
fool,0.0
foot,0.0
footage,0.0
football,0.0
forbid,0.0
fold,0.0
fla,0.0
flag,0.0
flake,0.0
flame,0.0
flare,0.0
flash,0.0
flat,0.0
flavor,0.0
floor,0.0
fleet,0.0
flexibility,0.0
flight,0.0
flint,0.0
flip,0.0
float,0.0
flock,0.0
flood,0.0
flaw,0.0
forge,0.0
forget,0.0
forgive,0.0
forgotten,0.0
formal,0.0
formally,0.0
format,0.0
force one,0.0
former chief,0.0
former cia,0.0
former democratic,0.0
former deputy,0.0
former director,0.0
former fbi,0.0
former first,0.0
former florida,0.0
formation,0.0
force say,0.0
forced,0.0
forecast,0.0
forefront,0.0
foreign affair,0.0
foreign agent,0.0
foreign country,0.0
foreign government,0.0
forever,0.0
foreign leader,0.0
foreign minister,0.0
foreign ministry,0.0
foreign policy,0.0
foreign relation,0.0
foreigner,0.0
forensic,0.0
forest,0.0
foreign intelligence,0.0
finally,0.0
finance minister,0.0
financial,0.0
financial crisis,0.0
financial institution,0.0
financial market,0.0
financial service,0.0
fl,0.0
financially,0.0
financier,0.0
financing,0.0
find evidence,0.0
find guilty,0.0
find new,0.0
find percent,0.0
find way,0.0
financial system,0.0
fifth,0.0
fifty,0.0
fight back,0.0
fight islamic,0.0
fight terrorism,0.0
fighter,0.0
fighter jet,0.0
fighting,0.0
finalize,0.0
filessupport,0.0
filibuster,0.0
filing,0.0
fill,0.0
film,0.0
filmmaker,0.0
filter,0.0
fin,0.0
file lawsuit,0.0
first step,0.0
first term,0.0
first thing,0.0
first two,0.0
first woman,0.0
first year,0.0
fiscal,0.0
fiscal year,0.0
finding,0.0
fisher,0.0
fist,0.0
fitness,0.0
five day,0.0
five month,0.0
five year,0.0
fix,0.0
fjs,0.0
fish,0.0
finger,0.0
finicum,0.0
finland,0.0
fiorina,0.0
fire back,0.0
firearm,0.0
fired,0.0
firefighter,0.0
first round,0.0
firmly,0.0
first amendment,0.0
first day,0.0
first female,0.0
first major,0.0
first place,0.0
first president,0.0
first report,0.0
firing,0.0
frozen,0.0
fruit,0.0
frustrate,0.0
frustrated,0.0
frustration,0.0
fry,0.0
fuck,0.0
former governor,0.0
fulfill,0.0
full time,0.0
fully,0.0
fun,0.0
fund manager,0.0
fund part,0.0
fundamental,0.0
fundamentally,0.0
fulfil,0.0
fresh,0.0
freshman,0.0
friday morning,0.0
friday night,0.0
friday say,0.0
friedman,0.0
friend,0.0
friend family,0.0
frontrunner,0.0
friends,0.0
friendship,0.0
frighten,0.0
fringe,0.0
front line,0.0
front page,0.0
front runner,0.0
frontier,0.0
friendly,0.0
gang member,0.0
gap,0.0
garbage,0.0
garcia,0.0
garden,0.0
garland,0.0
garner,0.0
gary,0.0
funded,0.0
gasoline,0.0
gate,0.0
gawker,0.0
gay,0.0
gay marriage,0.0
gay people,0.0
gay right,0.0
gaza,0.0
gary johnson,0.0
funding,0.0
fundraise,0.0
fundraiser,0.0
funeral,0.0
funnel,0.0
funny,0.0
furious,0.0
furniture,0.0
gamble,0.0
fury,0.0
fusion,0.0
future,0.0
gabriel,0.0
gaddafi,0.0
gain,0.0
gallon,0.0
gallup,0.0
furthermore,0.0
fortunately,0.0
fortune,0.0
forty,0.0
forum,0.0
fossil,0.0
fossil fuel,0.0
foster,0.0
frequent,0.0
foul,0.0
found,0.0
founder,0.0
four day,0.0
four decade,0.0
four month,0.0
four people,0.0
four time,0.0
fought,0.0
former head,0.0
former national,0.0
former new,0.0
former official,0.0
former president,0.0
former prime,0.0
former reality,0.0
former republican,0.0
forthcoming,0.0
former senator,0.0
former senior,0.0
former trump,0.0
formerly,0.0
formidable,0.0
formula,0.0
fort,0.0
forth,0.0
former secretary,0.0
frankly,0.0
fraudulent,0.0
fray,0.0
freak,0.0
fred,0.0
freddie,0.0
free market,0.0
free press,0.0
four year,0.0
free trade,0.0
freedom caucus,0.0
freedom information,0.0
freedom speech,0.0
freely,0.0
freeze,0.0
french president,0.0
frequency,0.0
free speech,0.0
fourth,0.0
fox business,0.0
fox friend,0.0
fox news,0.0
fracking,0.0
fraction,0.0
fracture,0.0
fragile,0.0
franklin,0.0
framework,0.0
fran,0.0
france germany,0.0
franchise,0.0
francis,0.0
francisco,0.0
frank,0.0
franken,0.0
frame,0.0
eventually,0.0
ever see,0.0
ever since,0.0
every american,0.0
every day,0.0
every one,0.0
every single,0.0
fiery,0.0
every year,0.0
everybody,0.0
everyday,0.0
everyone else,0.0
everyone know,0.0
everywhere,0.0
evidence support,0.0
evident,0.0
every time,0.0
evacuation,0.0
evade,0.0
evaluate,0.0
evaluation,0.0
evan,0.0
evangelical,0.0
evangelicals,0.0
eve,0.0
eventual,0.0
even brief,0.0
even get,0.0
even go,0.0
even know,0.0
even say,0.0
even though,0.0
even trump,0.0
evening,0.0
even bad,0.0
excite,0.0
excitement,0.0
exclude,0.0
exclusive,0.0
exclusively,0.0
execute,0.0
execution,0.0
executive action,0.0
evil,0.0
executive director,0.0
executive officer,0.0
exempt,0.0
exemption,0.0
exercise,0.0
exert,0.0
exhaust,0.0
exhibit,0.0
executive branch,0.0
evolution,0.0
evolve,0.0
ex,0.0
exacerbate,0.0
exact,0.0
exactly,0.0
exaggerate,0.0
examination,0.0
excessive,0.0
examiner,0.0
exceed,0.0
excellent,0.0
except,0.0
exception,0.0
exceptional,0.0
excerpt,0.0
excess,0.0
examine,0.0
epic,0.0
epidemic,0.0
episode,0.0
epstein,0.0
equality,0.0
equally,0.0
equipment,0.0
evacuate,0.0
er,0.0
erase,0.0
erdogan,0.0
erdogan say,0.0
erect,0.0
eric,0.0
eric holder,0.0
eric trump,0.0
equity,0.0
entertain,0.0
entertainment,0.0
enthusiasm,0.0
enthusiastic,0.0
entire world,0.0
entirely,0.0
entitle,0.0
entitlement,0.0
epa,0.0
entrepreneur,0.0
entry,0.0
environment,0.0
environmental,0.0
environmental protection,0.0
environmentalist,0.0
envision,0.0
envoy,0.0
entrance,0.0
ethic,0.0
ethical,0.0
ethiopia,0.0
ethnic,0.0
ethnic group,0.0
ethnicity,0.0
eu,0.0
eu leader,0.0
erode,0.0
euphrates,0.0
euro,0.0
euro zone,0.0
european commission,0.0
european country,0.0
european parliament,0.0
european union,0.0
euros,0.0
eu official,0.0
error,0.0
erupt,0.0
escalate,0.0
escalation,0.0
escape,0.0
escort,0.0
espn,0.0
essay,0.0
et,0.0
essential,0.0
essentially,0.0
establish,0.0
establishment,0.0
estate,0.0
estate developer,0.0
estate mogul,0.0
estimate million,0.0
essence,0.0
fascism,0.0
fascist,0.0
fashion,0.0
faster,0.0
fat,0.0
fatal,0.0
fatally,0.0
exhibition,0.0
fault,0.0
favorable,0.0
fbi agent,0.0
fbi director,0.0
fbi investigation,0.0
fcc,0.0
fda,0.0
fdp,0.0
fate,0.0
familiar,0.0
familiar matter,0.0
family member,0.0
family say,0.0
famous,0.0
famously,0.0
fantastic,0.0
fantasy,0.0
fascinate,0.0
far less,0.0
far right,0.0
farage,0.0
farc,0.0
fare,0.0
fargo,0.0
farm,0.0
farmer,0.0
far away,0.0
feinstein,0.0
fell,0.0
fellow republican,0.0
felon,0.0
felt like,0.0
fema,0.0
feminism,0.0
feminist,0.0
fearful,0.0
fernandez,0.0
ferry,0.0
festival,0.0
feud,0.0
few,0.0
fiction,0.0
fidel,0.0
fierce,0.0
fence,0.0
feb,0.0
federal agency,0.0
federal appeal,0.0
federal authority,0.0
federal bureau,0.0
federal court,0.0
federal election,0.0
federal funding,0.0
feeling,0.0
federal land,0.0
federal law,0.0
federal official,0.0
federal prosecutor,0.0
federal state,0.0
federation,0.0
fee,0.0
feel like,0.0
federal judge,0.0
explicitly,0.0
explode,0.0
exploit,0.0
exploitation,0.0
explore,0.0
explosion,0.0
explosive,0.0
fame,0.0
exposure,0.0
express concern,0.0
expression,0.0
extend,0.0
extension,0.0
extensive,0.0
extent,0.0
external,0.0
export,0.0
exile,0.0
existence,0.0
exit,0.0
exit poll,0.0
exodus,0.0
expand,0.0
expansion,0.0
expectation,0.0
explicit,0.0
expense,0.0
expensive,0.0
experienced,0.0
experiment,0.0
expertise,0.0
expire,0.0
explains,0.0
explanation,0.0
expel,0.0
fact trump,0.0
faction,0.0
facto,0.0
factor,0.0
factory,0.0
facts,0.0
faculty,0.0
failed,0.0
extra,0.0
fairly,0.0
fairness,0.0
fake news,0.0
fallon,0.0
fallout,0.0
false,0.0
false flag,0.0
falsely,0.0
fair,0.0
extract,0.0
extradition,0.0
extraordinary,0.0
extreme,0.0
extremely,0.0
extremism,0.0
extremist,0.0
exxon,0.0
fact check,0.0
fabric,0.0
fabricate,0.0
face nation,0.0
facebook page,0.0
facebook post,0.0
facebook twitter,0.0
facility,0.0
facing,0.0
exxon mobil,0.0
historian,0.0
historic,0.0
historical,0.0
historically,0.0
hitler,0.0
hoax,0.0
hockey,0.0
gdp,0.0
hold accountable,0.0
hold back,0.0
holder,0.0
holding,0.0
hole,0.0
holiday,0.0
hollande,0.0
holocaust,0.0
hogan,0.0
high level,0.0
high profile,0.0
high rank,0.0
high rate,0.0
high school,0.0
higher,0.0
highly,0.0
highway,0.0
hispanic,0.0
hike,0.0
hilarious,0.0
hilariously,0.0
hillary campaign,0.0
hillary email,0.0
hindu,0.0
hint,0.0
hip,0.0
hijack,0.0
horn,0.0
horrible,0.0
horrific,0.0
horrify,0.0
horror,0.0
horse,0.0
hospital,0.0
hostage,0.0
home state,0.0
hostility,0.0
hotel,0.0
hour later,0.0
house bill,0.0
house chief,0.0
house committee,0.0
house congress,0.0
house freedom,0.0
hostile,0.0
homeland,0.0
homeland security,0.0
homeless,0.0
homeowner,0.0
hometown,0.0
homicide,0.0
homosexual,0.0
honduras,0.0
horizon,0.0
honesty,0.0
hong,0.0
hong kong,0.0
hood,0.0
hook,0.0
hoped,0.0
hopeful,0.0
hopefully,0.0
honest,0.0
hawk,0.0
hawkins,0.0
hbo,0.0
head state,0.0
heal,0.0
health care,0.0
health human,0.0
high education,0.0
healthcare,0.0
healthcare bill,0.0
healthcare law,0.0
healthy,0.0
hearing,0.0
heat,0.0
heather,0.0
heaven,0.0
health insurance,0.0
harry reid,0.0
harsh,0.0
harvard,0.0
harvest,0.0
harvey,0.0
hashtag,0.0
hassan,0.0
hastert,0.0
hawaii,0.0
hate crime,0.0
hate speech,0.0
hateful,0.0
hater,0.0
hatred,0.0
haul,0.0
haunt,0.0
havana,0.0
hatch,0.0
helpful,0.0
hemisphere,0.0
hence,0.0
henry,0.0
herald,0.0
herb,0.0
heritage,0.0
hernandez,0.0
heavily,0.0
heroin,0.0
hesitate,0.0
hey,0.0
hezbollah,0.0
hick,0.0
hidden,0.0
hide,0.0
high court,0.0
hero,0.0
heck,0.0
hedge,0.0
hedge fund,0.0
heed,0.0
heel,0.0
heidi,0.0
height,0.0
heighten,0.0
help trump,0.0
held,0.0
helicopter,0.0
hell,0.0
helm,0.0
helmet,0.0
help get,0.0
help make,0.0
help people,0.0
heir,0.0
imagination,0.0
imam,0.0
imf,0.0
immediate,0.0
immediately available,0.0
immediately respond,0.0
immense,0.0
house intelligence,0.0
immigration custom,0.0
immigration law,0.0
immigration policy,0.0
immigration reform,0.0
imminent,0.0
immune,0.0
immune system,0.0
immunity,0.0
immigrant,0.0
idiot,0.0
idlib,0.0
ignite,0.0
ignorance,0.0
ignorant,0.0
ii,0.0
iii,0.0
il,0.0
image screenshot,0.0
illegal immigration,0.0
illegally,0.0
illicit,0.0
illinois,0.0
illness,0.0
illusion,0.0
illustrate,0.0
im,0.0
illegal immigrant,0.0
imprison,0.0
imprisonment,0.0
improper,0.0
improve,0.0
improvement,0.0
impunity,0.0
inability,0.0
inaccurate,0.0
impeach,0.0
inc,0.0
incapable,0.0
incarceration,0.0
incentive,0.0
inch,0.0
incite,0.0
include former,0.0
include new,0.0
inaugural,0.0
impeachment,0.0
impede,0.0
imperative,0.0
imperial,0.0
implement,0.0
implementation,0.0
implicate,0.0
implication,0.0
impressive,0.0
import,0.0
importance,0.0
important issue,0.0
important thing,0.0
importantly,0.0
impose sanction,0.0
impossible,0.0
impression,0.0
imply,0.0
hrc,0.0
hub,0.0
huckabee,0.0
huffington,0.0
huffington post,0.0
hug,0.0
hughes,0.0
identified,0.0
huma abedin,0.0
human being,0.0
human right,0.0
human service,0.0
humanitarian,0.0
humanity,0.0
humble,0.0
humiliate,0.0
huma,0.0
house official,0.0
house press,0.0
house representative,0.0
house republican,0.0
house republicans,0.0
house say,0.0
house senate,0.0
house spokesman,0.0
however say,0.0
house trump,0.0
house washington,0.0
household,0.0
housing,0.0
houston,0.0
houthi,0.0
houthis,0.0
howard,0.0
house spokeswoman,0.0
hybrid,0.0
hype,0.0
hypocrisy,0.0
hypocrite,0.0
hysteria,0.0
ian,0.0
ibrahim,0.0
icahn,0.0
humor,0.0
icon,0.0
iconic,0.0
id,0.0
idaho,0.0
idea,0.0
ideal,0.0
identical,0.0
identification,0.0
iceland,0.0
hun,0.0
hun sen,0.0
hundred million,0.0
hundred people,0.0
hundred thousand,0.0
hung,0.0
hungarian,0.0
hungary,0.0
hussein,0.0
hungry,0.0
hunt,0.0
hunter,0.0
hurdle,0.0
hurricane,0.0
hurricane irma,0.0
hurt,0.0
husband,0.0
hunger,0.0
go come,0.0
go effect,0.0
go far,0.0
go forward,0.0
go get,0.0
go go,0.0
go happen,0.0
harry,0.0
go long,0.0
go make,0.0
go one,0.0
go public,0.0
go right,0.0
go say,0.0
go see,0.0
go take,0.0
go home,0.0
global economy,0.0
global warm,0.0
global warming,0.0
globalism,0.0
globalist,0.0
globalists,0.0
globalization,0.0
globally,0.0
go beyond,0.0
glory,0.0
glove,0.0
gmt,0.0
go ahead,0.0
go along,0.0
go around,0.0
go away,0.0
go back,0.0
globe,0.0
gonna,0.0
gonzalez,0.0
good deal,0.0
good idea,0.0
good job,0.0
good morning,0.0
good news,0.0
good people,0.0
go trump,0.0
good thing,0.0
good time,0.0
goodbye,0.0
google,0.0
gop candidate,0.0
gop nominee,0.0
gordon,0.0
gore,0.0
good reason,0.0
go viral,0.0
go vote,0.0
go war,0.0
go way,0.0
go well,0.0
go win,0.0
go work,0.0
go wrong,0.0
golf course,0.0
god,0.0
god bless,0.0
gold,0.0
gold silver,0.0
golden,0.0
goldman,0.0
goldman sachs,0.0
golf,0.0
goal,0.0
genuinely,0.0
geopolitical,0.0
george,0.0
george bush,0.0
george soros,0.0
george washington,0.0
georgetown,0.0
glimpse,0.0
gerald,0.0
german,0.0
german chancellor,0.0
gesture,0.0
get along,0.0
get away,0.0
get back,0.0
get bad,0.0
georgia,0.0
gear,0.0
gen,0.0
gender identity,0.0
gene,0.0
general assembly,0.0
general counsel,0.0
general jeff,0.0
general loretta,0.0
genuine,0.0
general say,0.0
generic,0.0
generous,0.0
genetic,0.0
geneva,0.0
genius,0.0
genocide,0.0
gentleman,0.0
general office,0.0
ghost,0.0
giant,0.0
gibson,0.0
gift,0.0
gilbert,0.0
gingrich,0.0
ginsburg,0.0
girl,0.0
get close,0.0
giuliani,0.0
give detail,0.0
give money,0.0
give speech,0.0
give trump,0.0
glad,0.0
glass,0.0
glenn,0.0
girlfriend,0.0
get do,0.0
get elect,0.0
get even,0.0
get go,0.0
get good,0.0
get involve,0.0
get job,0.0
get lot,0.0
get way,0.0
get one,0.0
get pay,0.0
get people,0.0
get ready,0.0
get rid,0.0
get right,0.0
get trump,0.0
get vote,0.0
get much,0.0
gunman,0.0
gunshot,0.0
gut,0.0
guterres,0.0
gym,0.0
ha,0.0
habit,0.0
gorka,0.0
hacker,0.0
hacking,0.0
hail,0.0
hair,0.0
haiti,0.0
haitian,0.0
haley,0.0
half,0.0
hack,0.0
guardian,0.0
guatemala,0.0
guerrilla,0.0
guest,0.0
guidance,0.0
guide,0.0
guideline,0.0
guilt,0.0
gunfire,0.0
guinea,0.0
gulen,0.0
gulf,0.0
gun,0.0
gun control,0.0
gun owner,0.0
gun right,0.0
gun violence,0.0
guilty,0.0
happy,0.0
haram,0.0
harare,0.0
harass,0.0
harassment,0.0
harbor,0.0
hard,0.0
hard line,0.0
half century,0.0
hard work,0.0
harder,0.0
hardline,0.0
hardly,0.0
hariri,0.0
harm,0.0
harmful,0.0
harris,0.0
hard time,0.0
half million,0.0
half year,0.0
hall,0.0
halloween,0.0
halt,0.0
hamas,0.0
hamilton,0.0
hammer,0.0
happiness,0.0
hampshire,0.0
han,0.0
handful,0.0
handgun,0.0
hang,0.0
hannity,0.0
happen say,0.0
happens,0.0
hammond,0.0
grade,0.0
gradually,0.0
graduate,0.0
graduation,0.0
graft,0.0
graham,0.0
graham say,0.0
guarantee,0.0
grand,0.0
grand jury,0.0
grandchild,0.0
grandfather,0.0
grandmother,0.0
grapple,0.0
grasp,0.0
grass,0.0
grain,0.0
gorsuch,0.0
got,0.0
gotta,0.0
gotten,0.0
govern,0.0
governance,0.0
government agency,0.0
government also,0.0
grace,0.0
government official,0.0
government say,0.0
government shutdown,0.0
government take,0.0
governmental,0.0
governor john,0.0
gowdy,0.0
gps,0.0
government force,0.0
grief,0.0
grievance,0.0
grill,0.0
grim,0.0
grind,0.0
grip,0.0
grocery,0.0
grope,0.0
grassley,0.0
group also,0.0
group call,0.0
group include,0.0
group like,0.0
group people,0.0
group say,0.0
grown,0.0
guantanamo,0.0
gross,0.0
grassroots,0.0
grateful,0.0
grave,0.0
gravity,0.0
gray,0.0
great deal,0.0
greatly,0.0
greece,0.0
grid,0.0
greek,0.0
green card,0.0
green party,0.0
greenhouse,0.0
greenhouse gas,0.0
greet,0.0
greg,0.0
grenade,0.0
greed,0.0
